repository,local_dir,status,seconds,size_bytes,size_human,timestamp,error
git@github.com:apache/nifi-minifi.git,/Users/praffulg/Downloads/Neelam paper/cache/repos/apache__nifi-minifi,cloned,1.3,721090,704.2KB,2026-09-03T16:52:57,
git@github.com:apache/commons-jelly.git,/Users/praffulg/Downloads/Neelam paper/cache/repos/apache__commons-jelly,cloned,2.1,4663209,4.4MB,2026-09-03T16:52:59,
git@github.com:apache/mina-sshd.git,/Users/praffulg/Downloads/Neelam paper/cache/repos/apache__mina-sshd,cloned,3.0,6863087,6.5MB,2026-09-03T16:53:02,
git@github.com:apache/directory-kerby.git,/Users/praffulg/Downloads/Neelam paper/cache/repos/apache__directory-kerby,cloned,2.2,5790938,5.5MB,2026-09-03T16:53:04,
git@github.com:apache/tapestry-5.git,/Users/praffulg/Downloads/Neelam paper/cache/repos/apache__tapestry-5,cloned,3.3,13294459,12.7MB,2026-09-03T16:53:07,
git@github.com:apache/calcite.git,/Users/praffulg/Downloads/Neelam paper/cache/repos/apache__calcite,cloned,3.6,18281533,17.4MB,2026-09-03T16:53:11,
git@github.com:apache/fop.git,/Users/praffulg/Downloads/Neelam paper/cache/repos/apache__fop,cloned,5.7,14109585,13.5MB,2026-09-03T16:53:16,
git@github.com:apache/poi.git,/Users/praffulg/Downloads/Neelam paper/cache/repos/apache__poi,cloned,14.5,29578908,28.2MB,2026-09-03T16:53:31,
git@github.com:apache/ofbiz-framework.git,/Users/praffulg/Downloads/Neelam paper/cache/repos/apache__ofbiz-framework,cloned,6.0,45043028,43.0MB,2026-09-03T16:53:37,
git@github.com:spring-projects/spring-data-book.git,/Users/praffulg/Downloads/Neelam paper/cache/repos/spring-projects__spring-data-book,cloned,1.2,463818,452.9KB,2026-09-03T16:53:38,
git@github.com:Esri/arcgis-runtime-samples-android.git,/Users/praffulg/Downloads/Neelam paper/cache/repos/Esri__arcgis-runtime-samples-android,cloned,2.7,5039646,4.8MB,2026-09-03T23:24:28,
git@github.com:Esri/arcgis-runtime-samples-java.git,/Users/praffulg/Downloads/Neelam paper/cache/repos/Esri__arcgis-runtime-samples-java,cloned,3.6,6266205,6.0MB,2026-09-03T23:24:32,
git@github.com:Esri/defense-solutions-proofs-of-concept.git,/Users/praffulg/Downloads/Neelam paper/cache/repos/Esri__defense-solutions-proofs-of-concept,cloned,1.3,396396,387.1KB,2026-09-03T23:24:33,
git@github.com:Esri/geometry-api-java.git,/Users/praffulg/Downloads/Neelam paper/cache/repos/Esri__geometry-api-java,cloned,1.8,554299,541.3KB,2026-09-03T23:24:35,
git@github.com:Esri/geoportal-server-harvester.git,/Users/praffulg/Downloads/Neelam paper/cache/repos/Esri__geoportal-server-harvester,cloned,2.1,2995820,2.9MB,2026-09-03T23:24:37,
git@github.com:Esri/maps-app-android.git,/Users/praffulg/Downloads/Neelam paper/cache/repos/Esri__maps-app-android,cloned,1.5,504798,493.0KB,2026-09-03T23:24:39,
git@github.com:Esri/spatial-framework-for-hadoop.git,/Users/praffulg/Downloads/Neelam paper/cache/repos/Esri__spatial-framework-for-hadoop,cloned,2.3,388122,379.0KB,2026-09-03T23:24:41,
git@github.com:IBM/ibm-cos-sdk-java.git,/Users/praffulg/Downloads/Neelam paper/cache/repos/IBM__ibm-cos-sdk-java,cloned,3.7,5958354,5.7MB,2026-09-03T23:24:45,
git@github.com:IBM/janusgraph-utils.git,/Users/praffulg/Downloads/Neelam paper/cache/repos/IBM__janusgraph-utils,cloned,1.3,121992,119.1KB,2026-09-03T23:24:46,
git@github.com:IBM/og.git,/Users/praffulg/Downloads/Neelam paper/cache/repos/IBM__og,cloned,2.9,2616627,2.5MB,2026-09-03T23:24:49,
git@github.com:Microsoft/ApplicationInsights-Java.git,/Users/praffulg/Downloads/Neelam paper/cache/repos/Microsoft__ApplicationInsights-Java,cloned,34.9,39679089,37.8MB,2026-09-03T23:25:24,
git@github.com:Microsoft/EmbeddedSocial-Android-SDK.git,/Users/praffulg/Downloads/Neelam paper/cache/repos/Microsoft__EmbeddedSocial-Android-SDK,cloned,1.4,811344,792.3KB,2026-09-03T23:25:25,
git@github.com:Microsoft/azure-chat-for-java.git,/Users/praffulg/Downloads/Neelam paper/cache/repos/Microsoft__azure-chat-for-java,cloned,1.4,102267,99.9KB,2026-09-03T23:25:26,
git@github.com:Microsoft/azure-devops-intellij.git,/Users/praffulg/Downloads/Neelam paper/cache/repos/Microsoft__azure-devops-intellij,cloned,1.8,2707062,2.6MB,2026-09-03T23:25:28,
git@github.com:Microsoft/azure-maven-plugins.git,/Users/praffulg/Downloads/Neelam paper/cache/repos/Microsoft__azure-maven-plugins,cloned,7.9,8090282,7.7MB,2026-09-03T23:25:36,
git@github.com:Microsoft/azure-tools-for-java.git,/Users/praffulg/Downloads/Neelam paper/cache/repos/Microsoft__azure-tools-for-java,cloned,14.5,23520489,22.4MB,2026-09-03T23:25:51,
git@github.com:Microsoft/java-debug.git,/Users/praffulg/Downloads/Neelam paper/cache/repos/Microsoft__java-debug,cloned,1.8,855885,835.8KB,2026-09-03T23:25:52,
git@github.com:Microsoft/malmo.git,/Users/praffulg/Downloads/Neelam paper/cache/repos/Microsoft__malmo,cloned,2.3,1455041,1.4MB,2026-09-03T23:25:55,
git@github.com:Microsoft/mssql-jdbc.git,/Users/praffulg/Downloads/Neelam paper/cache/repos/Microsoft__mssql-jdbc,cloned,5.8,5922134,5.6MB,2026-09-03T23:26:01,
git@github.com:Microsoft/pai.git,/Users/praffulg/Downloads/Neelam paper/cache/repos/Microsoft__pai,cloned,5.5,6818344,6.5MB,2026-09-03T23:26:06,
git@github.com:Microsoft/project-rome.git,/Users/praffulg/Downloads/Neelam paper/cache/repos/Microsoft__project-rome,cloned,1.5,416059,406.3KB,2026-09-03T23:26:08,
git@github.com:Microsoft/team-explorer-everywhere.git,/Users/praffulg/Downloads/Neelam paper/cache/repos/Microsoft__team-explorer-everywhere,cloned,2.2,1840079,1.8MB,2026-09-03T23:26:10,
git@github.com:Microsoft/vso-httpclient-java.git,/Users/praffulg/Downloads/Neelam paper/cache/repos/Microsoft__vso-httpclient-java,cloned,1.3,243417,237.7KB,2026-09-03T23:26:11,
git@github.com:SAP/SapMachine.git,/Users/praffulg/Downloads/Neelam paper/cache/repos/SAP__SapMachine,cloned,71.3,207244996,197.6MB,2026-09-03T23:27:22,
git@github.com:SAP/cf-java-client-sap.git,/Users/praffulg/Downloads/Neelam paper/cache/repos/SAP__cf-java-client-sap,cloned,1.4,893604,872.7KB,2026-09-03T23:27:24,
git@github.com:SAP/cloud-espm-v2.git,/Users/praffulg/Downloads/Neelam paper/cache/repos/SAP__cloud-espm-v2,cloned,1.2,227207,221.9KB,2026-09-03T23:27:25,
git@github.com:SAP/iot-starterkit.git,/Users/praffulg/Downloads/Neelam paper/cache/repos/SAP__iot-starterkit,cloned,1.7,335423,327.6KB,2026-09-03T23:27:27,
git@github.com:SAP/olingo-jpa-processor-v4.git,/Users/praffulg/Downloads/Neelam paper/cache/repos/SAP__olingo-jpa-processor-v4,cloned,1.8,4339037,4.1MB,2026-09-03T23:27:28,
git@github.com:Shopify/graphql_java_gen.git,/Users/praffulg/Downloads/Neelam paper/cache/repos/Shopify__graphql_java_gen,cloned,1.3,106761,104.3KB,2026-09-03T23:27:30,
git@github.com:Shopify/mobile-buy-sdk-android.git,/Users/praffulg/Downloads/Neelam paper/cache/repos/Shopify__mobile-buy-sdk-android,cloned,1.3,781418,763.1KB,2026-09-03T23:27:31,
git@github.com:Tencent/GT.git,/Users/praffulg/Downloads/Neelam paper/cache/repos/Tencent__GT,cloned,1.2,190129,185.7KB,2026-09-03T23:27:32,
git@github.com:Tencent/QMUI_Android.git,/Users/praffulg/Downloads/Neelam paper/cache/repos/Tencent__QMUI_Android,cloned,1.5,2001646,1.9MB,2026-09-03T23:27:34,
git@github.com:Tencent/RapidView.git,/Users/praffulg/Downloads/Neelam paper/cache/repos/Tencent__RapidView,cloned,1.3,240108,234.5KB,2026-09-03T23:27:35,
git@github.com:Tencent/soter.git,/Users/praffulg/Downloads/Neelam paper/cache/repos/Tencent__soter,cloned,1.6,317916,310.5KB,2026-09-03T23:27:37,
git@github.com:Tencent/tinker.git,/Users/praffulg/Downloads/Neelam paper/cache/repos/Tencent__tinker,cloned,1.5,1698352,1.6MB,2026-09-03T23:27:38,
git@github.com:alexa/alexa-skills-kit-sdk-for-java.git,/Users/praffulg/Downloads/Neelam paper/cache/repos/alexa__alexa-skills-kit-sdk-for-java,cloned,1.4,1035077,1010.8KB,2026-09-03T23:27:40,
git@github.com:alibaba/ARouter.git,/Users/praffulg/Downloads/Neelam paper/cache/repos/alibaba__ARouter,cloned,1.5,452662,442.1KB,2026-09-03T23:27:41,
git@github.com:alibaba/atlas.git,/Users/praffulg/Downloads/Neelam paper/cache/repos/alibaba__atlas,cloned,1.7,3242803,3.1MB,2026-09-03T23:27:43,
git@github.com:alibaba/canal.git,/Users/praffulg/Downloads/Neelam paper/cache/repos/alibaba__canal,cloned,1.7,3440019,3.3MB,2026-09-03T23:27:45,
git@github.com:alibaba/cobar.git,/Users/praffulg/Downloads/Neelam paper/cache/repos/alibaba__cobar,cloned,1.3,124708,121.8KB,2026-09-03T23:27:46,
git@github.com:alibaba/druid.git,/Users/praffulg/Downloads/Neelam paper/cache/repos/alibaba__druid,cloned,2.8,14336360,13.7MB,2026-09-03T23:27:49,
git@github.com:alibaba/java-dns-cache-manipulator.git,/Users/praffulg/Downloads/Neelam paper/cache/repos/alibaba__java-dns-cache-manipulator,cloned,1.4,538001,525.4KB,2026-09-03T23:27:50,
git@github.com:alibaba/jstorm.git,/Users/praffulg/Downloads/Neelam paper/cache/repos/alibaba__jstorm,cloned,1.5,984843,961.8KB,2026-09-03T23:27:52,
git@github.com:alibaba/jvm-sandbox.git,/Users/praffulg/Downloads/Neelam paper/cache/repos/alibaba__jvm-sandbox,cloned,1.5,804496,785.6KB,2026-09-03T23:27:53,
git@github.com:alibaba/otter.git,/Users/praffulg/Downloads/Neelam paper/cache/repos/alibaba__otter,cloned,1.2,369344,360.7KB,2026-09-03T23:27:54,
git@github.com:amzn/amazon-pay-sdk-java.git,/Users/praffulg/Downloads/Neelam paper/cache/repos/amzn__amazon-pay-sdk-java,cloned,1.3,156709,153.0KB,2026-09-03T23:27:56,
git@github.com:amzn/exoplayer-amazon-port.git,/Users/praffulg/Downloads/Neelam paper/cache/repos/amzn__exoplayer-amazon-port,cloned,5.4,30236004,28.8MB,2026-09-03T23:28:01,
git@github.com:amzn/ion-java.git,/Users/praffulg/Downloads/Neelam paper/cache/repos/amzn__ion-java,cloned,1.9,3723871,3.6MB,2026-09-03T23:28:03,
git@github.com:apache/accumulo-testing.git,/Users/praffulg/Downloads/Neelam paper/cache/repos/apache__accumulo-testing,cloned,1.4,595210,581.3KB,2026-09-03T23:28:04,
git@github.com:apache/accumulo.git,/Users/praffulg/Downloads/Neelam paper/cache/repos/apache__accumulo,cloned,9.8,39111528,37.3MB,2026-09-03T23:28:14,
git@github.com:apache/activemq-apollo.git,/Users/praffulg/Downloads/Neelam paper/cache/repos/apache__activemq-apollo,cloned,1.9,4945651,4.7MB,2026-09-03T23:28:16,
git@github.com:apache/activemq-artemis.git,/Users/praffulg/Downloads/Neelam paper/cache/repos/apache__activemq-artemis,cloned,7.1,37120226,35.4MB,2026-09-03T23:28:23,
git@github.com:apache/activemq.git,/Users/praffulg/Downloads/Neelam paper/cache/repos/apache__activemq,cloned,5.9,28793007,27.5MB,2026-09-03T23:28:29,
git@github.com:apache/airavata.git,/Users/praffulg/Downloads/Neelam paper/cache/repos/apache__airavata,cloned,4.6,24800370,23.7MB,2026-09-03T23:28:34,
git@github.com:apache/ambari.git,/Users/praffulg/Downloads/Neelam paper/cache/repos/apache__ambari,cloned,12.0,82371880,78.6MB,2026-09-03T23:28:46,
git@github.com:apache/ant-ivy.git,/Users/praffulg/Downloads/Neelam paper/cache/repos/apache__ant-ivy,cloned,1.9,4612952,4.4MB,2026-09-03T23:28:48,
git@github.com:apache/ant-ivyde.git,/Users/praffulg/Downloads/Neelam paper/cache/repos/apache__ant-ivyde,cloned,1.4,983958,960.9KB,2026-09-03T23:28:49,
git@github.com:apache/ant.git,/Users/praffulg/Downloads/Neelam paper/cache/repos/apache__ant,cloned,4.0,21890941,20.9MB,2026-09-03T23:28:53,
git@github.com:apache/apex-core.git,/Users/praffulg/Downloads/Neelam paper/cache/repos/apache__apex-core,cloned,1.9,7623691,7.3MB,2026-09-03T23:28:55,
git@github.com:apache/apex-malhar.git,/Users/praffulg/Downloads/Neelam paper/cache/repos/apache__apex-malhar,cloned,2.7,11330225,10.8MB,2026-09-03T23:28:58,
git@github.com:apache/archiva.git,/Users/praffulg/Downloads/Neelam paper/cache/repos/apache__archiva,cloned,3.8,20499903,19.6MB,2026-09-03T23:29:01,
git@github.com:apache/aries-jax-rs-whiteboard.git,/Users/praffulg/Downloads/Neelam paper/cache/repos/apache__aries-jax-rs-whiteboard,cloned,1.4,922139,900.5KB,2026-09-03T23:29:03,
git@github.com:apache/aries-jpa.git,/Users/praffulg/Downloads/Neelam paper/cache/repos/apache__aries-jpa,cloned,1.9,451944,441.4KB,2026-09-03T23:29:05,
git@github.com:apache/aries-rsa.git,/Users/praffulg/Downloads/Neelam paper/cache/repos/apache__aries-rsa,cloned,1.6,2493363,2.4MB,2026-09-03T23:29:06,
git@github.com:apache/aries.git,/Users/praffulg/Downloads/Neelam paper/cache/repos/apache__aries,cloned,5.5,16416474,15.7MB,2026-09-03T23:29:12,
git@github.com:apache/asterixdb.git,/Users/praffulg/Downloads/Neelam paper/cache/repos/apache__asterixdb,cloned,7.4,47388339,45.2MB,2026-09-03T23:29:19,
git@github.com:apache/atlas.git,/Users/praffulg/Downloads/Neelam paper/cache/repos/apache__atlas,cloned,2.5,12686203,12.1MB,2026-09-03T23:29:22,
git@github.com:apache/attic-polygene-java.git,/Users/praffulg/Downloads/Neelam paper/cache/repos/apache__attic-polygene-java,cloned,2.8,15041130,14.3MB,2026-09-03T23:29:25,
git@github.com:apache/aurora.git,/Users/praffulg/Downloads/Neelam paper/cache/repos/apache__aurora,cloned,2.0,7859520,7.5MB,2026-09-03T23:29:27,
git@github.com:apache/avro.git,/Users/praffulg/Downloads/Neelam paper/cache/repos/apache__avro,cloned,3.0,14561897,13.9MB,2026-09-03T23:29:30,
git@github.com:apache/axis1-java.git,/Users/praffulg/Downloads/Neelam paper/cache/repos/apache__axis1-java,failed,1.0,0,0.0B,2026-09-03T23:29:31,"Cloning into '/Users/praffulg/Downloads/Neelam paper/cache/repos/apache__axis1-java'...
remote: Repository not found.
fatal: repository 'https://github.com/apache/axis1-java.git/' not found"
git@github.com:apache/axis2-java.git,/Users/praffulg/Downloads/Neelam paper/cache/repos/apache__axis2-java,failed,0.8,0,0.0B,2026-09-03T23:29:31,"Cloning into '/Users/praffulg/Downloads/Neelam paper/cache/repos/apache__axis2-java'...
remote: Repository not found.
fatal: repository 'https://github.com/apache/axis2-java.git/' not found"
git@github.com:apache/bahir-flink.git,/Users/praffulg/Downloads/Neelam paper/cache/repos/apache__bahir-flink,cloned,1.3,323967,316.4KB,2026-09-03T23:29:33,
git@github.com:apache/batik.git,/Users/praffulg/Downloads/Neelam paper/cache/repos/apache__batik,cloned,2.2,5912256,5.6MB,2026-09-03T23:29:35,
git@github.com:apache/beam.git,/Users/praffulg/Downloads/Neelam paper/cache/repos/apache__beam,cloned,44.2,165483782,157.8MB,2026-09-03T23:30:19,
git@github.com:apache/bigtop.git,/Users/praffulg/Downloads/Neelam paper/cache/repos/apache__bigtop,cloned,2.1,5484324,5.2MB,2026-09-03T23:30:21,
git@github.com:apache/bookkeeper.git,/Users/praffulg/Downloads/Neelam paper/cache/repos/apache__bookkeeper,cloned,5.2,27493786,26.2MB,2026-09-03T23:30:26,
git@github.com:apache/brooklyn-library.git,/Users/praffulg/Downloads/Neelam paper/cache/repos/apache__brooklyn-library,cloned,2.8,6614077,6.3MB,2026-09-03T23:30:29,
git@github.com:apache/brooklyn-server.git,/Users/praffulg/Downloads/Neelam paper/cache/repos/apache__brooklyn-server,cloned,15.2,27231275,26.0MB,2026-09-03T23:30:44,
git@github.com:apache/bval.git,/Users/praffulg/Downloads/Neelam paper/cache/repos/apache__bval,cloned,2.8,1762926,1.7MB,2026-09-03T23:30:47,
git@github.com:apache/calcite-avatica.git,/Users/praffulg/Downloads/Neelam paper/cache/repos/apache__calcite-avatica,cloned,5.8,6242576,6.0MB,2026-09-03T23:30:53,
git@github.com:apache/calcite.git,/Users/praffulg/Downloads/Neelam paper/cache/repos/apache__calcite,skipped_exists,0,77805429,74.2MB,2026-09-03T23:30:53,
git@github.com:apache/camel.git,/Users/praffulg/Downloads/Neelam paper/cache/repos/apache__camel,cloned,115.9,413554877,394.4MB,2026-09-03T23:32:49,
git@github.com:apache/cassandra.git,/Users/praffulg/Downloads/Neelam paper/cache/repos/apache__cassandra,cloned,8.4,58088687,55.4MB,2026-09-03T23:32:58,
git@github.com:apache/cayenne.git,/Users/praffulg/Downloads/Neelam paper/cache/repos/apache__cayenne,cloned,3.5,20241841,19.3MB,2026-09-03T23:33:01,
git@github.com:apache/chemistry-opencmis.git,/Users/praffulg/Downloads/Neelam paper/cache/repos/apache__chemistry-opencmis,cloned,2.0,5839975,5.6MB,2026-09-03T23:33:03,
git@github.com:apache/chukwa.git,/Users/praffulg/Downloads/Neelam paper/cache/repos/apache__chukwa,cloned,1.7,1395858,1.3MB,2026-09-03T23:33:05,
git@github.com:apache/clerezza.git,/Users/praffulg/Downloads/Neelam paper/cache/repos/apache__clerezza,cloned,1.8,5362279,5.1MB,2026-09-03T23:33:06,
git@github.com:apache/cloudstack.git,/Users/praffulg/Downloads/Neelam paper/cache/repos/apache__cloudstack,cloned,14.2,95805037,91.4MB,2026-09-03T23:33:21,
git@github.com:apache/cocoon.git,/Users/praffulg/Downloads/Neelam paper/cache/repos/apache__cocoon,cloned,5.1,27950492,26.7MB,2026-09-03T23:33:26,
git@github.com:apache/commons-beanutils.git,/Users/praffulg/Downloads/Neelam paper/cache/repos/apache__commons-beanutils,cloned,2.1,3598193,3.4MB,2026-09-03T23:33:28,
git@github.com:apache/commons-bsf.git,/Users/praffulg/Downloads/Neelam paper/cache/repos/apache__commons-bsf,cloned,1.4,1337819,1.3MB,2026-09-03T23:33:29,
git@github.com:apache/commons-chain.git,/Users/praffulg/Downloads/Neelam paper/cache/repos/apache__commons-chain,cloned,1.4,859072,838.9KB,2026-09-03T23:33:31,
git@github.com:apache/commons-collections.git,/Users/praffulg/Downloads/Neelam paper/cache/repos/apache__commons-collections,cloned,2.3,7642887,7.3MB,2026-09-03T23:33:33,
git@github.com:apache/commons-compress.git,/Users/praffulg/Downloads/Neelam paper/cache/repos/apache__commons-compress,cloned,2.6,8757774,8.4MB,2026-09-03T23:33:36,
git@github.com:apache/commons-configuration.git,/Users/praffulg/Downloads/Neelam paper/cache/repos/apache__commons-configuration,cloned,2.5,6991314,6.7MB,2026-09-03T23:33:38,
git@github.com:apache/commons-crypto.git,/Users/praffulg/Downloads/Neelam paper/cache/repos/apache__commons-crypto,cloned,1.4,1962087,1.9MB,2026-09-03T23:33:40,
git@github.com:apache/commons-dbcp.git,/Users/praffulg/Downloads/Neelam paper/cache/repos/apache__commons-dbcp,cloned,1.6,3701891,3.5MB,2026-09-03T23:33:41,
git@github.com:apache/commons-dbutils.git,/Users/praffulg/Downloads/Neelam paper/cache/repos/apache__commons-dbutils,cloned,1.5,1531925,1.5MB,2026-09-03T23:33:43,
git@github.com:apache/commons-digester.git,/Users/praffulg/Downloads/Neelam paper/cache/repos/apache__commons-digester,cloned,1.8,3548178,3.4MB,2026-09-03T23:33:44,
git@github.com:apache/commons-functor.git,/Users/praffulg/Downloads/Neelam paper/cache/repos/apache__commons-functor,cloned,1.5,1284415,1.2MB,2026-09-03T23:33:46,
git@github.com:apache/commons-imaging.git,/Users/praffulg/Downloads/Neelam paper/cache/repos/apache__commons-imaging,cloned,2.0,4525416,4.3MB,2026-09-03T23:33:48,
git@github.com:apache/commons-io.git,/Users/praffulg/Downloads/Neelam paper/cache/repos/apache__commons-io,cloned,2.3,7166793,6.8MB,2026-09-03T23:33:50,
git@github.com:apache/commons-jcs.git,/Users/praffulg/Downloads/Neelam paper/cache/repos/apache__commons-jcs,cloned,2.0,4786808,4.6MB,2026-09-03T23:33:52,
git@github.com:apache/commons-jelly.git,/Users/praffulg/Downloads/Neelam paper/cache/repos/apache__commons-jelly,skipped_exists,0,9671520,9.2MB,2026-09-03T23:33:52,
git@github.com:apache/commons-jexl.git,/Users/praffulg/Downloads/Neelam paper/cache/repos/apache__commons-jexl,cloned,2.1,5121698,4.9MB,2026-09-03T23:33:54,
git@github.com:apache/commons-jxpath.git,/Users/praffulg/Downloads/Neelam paper/cache/repos/apache__commons-jxpath,cloned,1.6,1904315,1.8MB,2026-09-03T23:33:56,
git@github.com:apache/commons-math.git,/Users/praffulg/Downloads/Neelam paper/cache/repos/apache__commons-math,cloned,3.4,11790637,11.2MB,2026-09-03T23:33:59,
git@github.com:apache/commons-net.git,/Users/praffulg/Downloads/Neelam paper/cache/repos/apache__commons-net,cloned,2.3,5070818,4.8MB,2026-09-03T23:34:02,
git@github.com:apache/commons-numbers.git,/Users/praffulg/Downloads/Neelam paper/cache/repos/apache__commons-numbers,cloned,1.9,3098447,3.0MB,2026-09-03T23:34:04,
git@github.com:apache/commons-ognl.git,/Users/praffulg/Downloads/Neelam paper/cache/repos/apache__commons-ognl,cloned,1.4,993854,970.6KB,2026-09-03T23:34:05,
git@github.com:apache/commons-pool.git,/Users/praffulg/Downloads/Neelam paper/cache/repos/apache__commons-pool,cloned,1.8,3906312,3.7MB,2026-09-03T23:34:07,
git@github.com:apache/commons-proxy.git,/Users/praffulg/Downloads/Neelam paper/cache/repos/apache__commons-proxy,cloned,1.5,805052,786.2KB,2026-09-03T23:34:08,
git@github.com:apache/commons-text.git,/Users/praffulg/Downloads/Neelam paper/cache/repos/apache__commons-text,cloned,1.8,2805850,2.7MB,2026-09-03T23:34:10,
git@github.com:apache/commons-validator.git,/Users/praffulg/Downloads/Neelam paper/cache/repos/apache__commons-validator,cloned,2.1,5329808,5.1MB,2026-09-03T23:34:12,
git@github.com:apache/commons-vfs.git,/Users/praffulg/Downloads/Neelam paper/cache/repos/apache__commons-vfs,cloned,2.2,6738048,6.4MB,2026-09-03T23:34:14,
git@github.com:apache/creadur-rat.git,/Users/praffulg/Downloads/Neelam paper/cache/repos/apache__creadur-rat,cloned,2.3,5877759,5.6MB,2026-09-03T23:34:17,
git@github.com:apache/crunch.git,/Users/praffulg/Downloads/Neelam paper/cache/repos/apache__crunch,cloned,1.6,2237778,2.1MB,2026-09-03T23:34:18,
git@github.com:apache/ctakes.git,/Users/praffulg/Downloads/Neelam paper/cache/repos/apache__ctakes,cloned,1.5,957602,935.2KB,2026-09-03T23:34:20,
git@github.com:apache/curator.git,/Users/praffulg/Downloads/Neelam paper/cache/repos/apache__curator,cloned,1.9,4624022,4.4MB,2026-09-03T23:34:22,
git@github.com:apache/cxf-fediz.git,/Users/praffulg/Downloads/Neelam paper/cache/repos/apache__cxf-fediz,cloned,1.9,5064154,4.8MB,2026-09-03T23:34:24,
git@github.com:apache/cxf.git,/Users/praffulg/Downloads/Neelam paper/cache/repos/apache__cxf,cloned,12.3,94938038,90.5MB,2026-09-03T23:34:36,
git@github.com:apache/datafu.git,/Users/praffulg/Downloads/Neelam paper/cache/repos/apache__datafu,cloned,1.3,764712,746.8KB,2026-09-03T23:34:37,
git@github.com:apache/deltaspike.git,/Users/praffulg/Downloads/Neelam paper/cache/repos/apache__deltaspike,cloned,1.9,6121571,5.8MB,2026-09-03T23:34:39,
git@github.com:apache/derby.git,/Users/praffulg/Downloads/Neelam paper/cache/repos/apache__derby,cloned,3.3,14584077,13.9MB,2026-09-03T23:34:42,
git@github.com:apache/directory-fortress-commander.git,/Users/praffulg/Downloads/Neelam paper/cache/repos/apache__directory-fortress-commander,cloned,1.3,460513,449.7KB,2026-09-03T23:34:44,
git@github.com:apache/directory-fortress-core.git,/Users/praffulg/Downloads/Neelam paper/cache/repos/apache__directory-fortress-core,cloned,1.5,2182251,2.1MB,2026-09-03T23:34:45,
git@github.com:apache/directory-kerby.git,/Users/praffulg/Downloads/Neelam paper/cache/repos/apache__directory-kerby,skipped_exists,0,16708796,15.9MB,2026-09-03T23:34:45,
git@github.com:apache/directory-ldap-api.git,/Users/praffulg/Downloads/Neelam paper/cache/repos/apache__directory-ldap-api,cloned,2.8,14768096,14.1MB,2026-09-03T23:34:48,
git@github.com:apache/directory-server.git,/Users/praffulg/Downloads/Neelam paper/cache/repos/apache__directory-server,cloned,4.9,27522003,26.2MB,2026-09-03T23:34:53,
git@github.com:apache/directory-studio.git,/Users/praffulg/Downloads/Neelam paper/cache/repos/apache__directory-studio,cloned,3.4,10576285,10.1MB,2026-09-03T23:34:56,
git@github.com:apache/drill.git,/Users/praffulg/Downloads/Neelam paper/cache/repos/apache__drill,cloned,4.3,17050997,16.3MB,2026-09-03T23:35:01,
git@github.com:apache/eagle.git,/Users/praffulg/Downloads/Neelam paper/cache/repos/apache__eagle,cloned,2.2,3824199,3.6MB,2026-09-03T23:35:03,
git@github.com:apache/empire-db.git,/Users/praffulg/Downloads/Neelam paper/cache/repos/apache__empire-db,cloned,1.8,2966657,2.8MB,2026-09-03T23:35:05,
git@github.com:apache/falcon.git,/Users/praffulg/Downloads/Neelam paper/cache/repos/apache__falcon,cloned,2.1,5709016,5.4MB,2026-09-03T23:35:07,
git@github.com:apache/felix.git,/Users/praffulg/Downloads/Neelam paper/cache/repos/apache__felix,cloned,4.6,27889912,26.6MB,2026-09-03T23:35:11,
git@github.com:apache/fineract-cn-customer.git,/Users/praffulg/Downloads/Neelam paper/cache/repos/apache__fineract-cn-customer,cloned,1.5,261293,255.2KB,2026-09-03T23:35:13,
git@github.com:apache/fineract-cn-portfolio.git,/Users/praffulg/Downloads/Neelam paper/cache/repos/apache__fineract-cn-portfolio,cloned,1.4,646243,631.1KB,2026-09-03T23:35:14,
git@github.com:apache/fineract.git,/Users/praffulg/Downloads/Neelam paper/cache/repos/apache__fineract,cloned,10.8,26324999,25.1MB,2026-09-03T23:35:25,
git@github.com:apache/flink.git,/Users/praffulg/Downloads/Neelam paper/cache/repos/apache__flink,cloned,37.0,160814195,153.4MB,2026-09-03T23:36:02,
git@github.com:apache/flume.git,/Users/praffulg/Downloads/Neelam paper/cache/repos/apache__flume,cloned,2.1,4279438,4.1MB,2026-09-03T23:36:04,
git@github.com:apache/fluo.git,/Users/praffulg/Downloads/Neelam paper/cache/repos/apache__fluo,cloned,1.5,1785935,1.7MB,2026-09-03T23:36:06,
git@github.com:apache/fop.git,/Users/praffulg/Downloads/Neelam paper/cache/repos/apache__fop,skipped_exists,0,150896335,143.9MB,2026-09-03T23:36:06,
git@github.com:apache/freemarker.git,/Users/praffulg/Downloads/Neelam paper/cache/repos/apache__freemarker,cloned,2.1,5800413,5.5MB,2026-09-03T23:36:08,
git@github.com:apache/geode.git,/Users/praffulg/Downloads/Neelam paper/cache/repos/apache__geode,cloned,28.3,50523775,48.2MB,2026-09-03T23:36:36,
git@github.com:apache/geronimo-xbean.git,/Users/praffulg/Downloads/Neelam paper/cache/repos/apache__geronimo-xbean,cloned,1.6,1869016,1.8MB,2026-09-03T23:36:38,
git@github.com:apache/giraph.git,/Users/praffulg/Downloads/Neelam paper/cache/repos/apache__giraph,cloned,1.5,2247773,2.1MB,2026-09-03T23:36:39,
git@github.com:apache/gora.git,/Users/praffulg/Downloads/Neelam paper/cache/repos/apache__gora,cloned,1.7,2156751,2.1MB,2026-09-03T23:36:41,
git@github.com:apache/griffin.git,/Users/praffulg/Downloads/Neelam paper/cache/repos/apache__griffin,cloned,1.5,1618859,1.5MB,2026-09-03T23:36:43,
git@github.com:apache/groovy.git,/Users/praffulg/Downloads/Neelam paper/cache/repos/apache__groovy,cloned,7.8,51877225,49.5MB,2026-09-03T23:36:50,
git@github.com:apache/hadoop-common.git,/Users/praffulg/Downloads/Neelam paper/cache/repos/apache__hadoop-common,cloned,10.0,57114808,54.5MB,2026-09-03T23:37:00,
git@github.com:apache/hadoop-hdfs.git,/Users/praffulg/Downloads/Neelam paper/cache/repos/apache__hadoop-hdfs,cloned,1.9,2383614,2.3MB,2026-09-03T23:37:02,
git@github.com:apache/hadoop-mapreduce.git,/Users/praffulg/Downloads/Neelam paper/cache/repos/apache__hadoop-mapreduce,cloned,5.6,2966515,2.8MB,2026-09-03T23:37:08,
git@github.com:apache/hadoop.git,/Users/praffulg/Downloads/Neelam paper/cache/repos/apache__hadoop,cloned,36.3,181883959,173.5MB,2026-09-03T23:37:44,
git@github.com:apache/hama.git,/Users/praffulg/Downloads/Neelam paper/cache/repos/apache__hama,cloned,2.0,2258177,2.2MB,2026-09-03T23:37:46,
git@github.com:apache/hbase.git,/Users/praffulg/Downloads/Neelam paper/cache/repos/apache__hbase,cloned,25.9,123124027,117.4MB,2026-09-03T23:38:12,
git@github.com:apache/helix.git,/Users/praffulg/Downloads/Neelam paper/cache/repos/apache__helix,cloned,2.5,9867734,9.4MB,2026-09-03T23:38:15,
git@github.com:apache/hive.git,/Users/praffulg/Downloads/Neelam paper/cache/repos/apache__hive,cloned,34.7,163115305,155.6MB,2026-09-03T23:38:49,
git@github.com:apache/httpcomponents-client.git,/Users/praffulg/Downloads/Neelam paper/cache/repos/apache__httpcomponents-client,cloned,14.3,9290945,8.9MB,2026-09-03T23:39:03,
git@github.com:apache/httpcomponents-core.git,/Users/praffulg/Downloads/Neelam paper/cache/repos/apache__httpcomponents-core,cloned,2.3,9391574,9.0MB,2026-09-03T23:39:06,
git@github.com:apache/ignite.git,/Users/praffulg/Downloads/Neelam paper/cache/repos/apache__ignite,cloned,101.9,113632733,108.4MB,2026-09-03T23:40:48,
git@github.com:apache/incubator-ambari.git,/Users/praffulg/Downloads/Neelam paper/cache/repos/apache__incubator-ambari,cloned,2.7,6505393,6.2MB,2026-09-03T23:40:50,
git@github.com:apache/incubator-atlas.git,/Users/praffulg/Downloads/Neelam paper/cache/repos/apache__incubator-atlas,cloned,1.8,4215292,4.0MB,2026-09-03T23:40:52,
git@github.com:apache/incubator-batchee.git,/Users/praffulg/Downloads/Neelam paper/cache/repos/apache__incubator-batchee,cloned,1.3,544533,531.8KB,2026-09-03T23:40:53,
git@github.com:apache/incubator-brooklyn.git,/Users/praffulg/Downloads/Neelam paper/cache/repos/apache__incubator-brooklyn,cloned,10.3,22898411,21.8MB,2026-09-03T23:41:04,
git@github.com:apache/incubator-druid.git,/Users/praffulg/Downloads/Neelam paper/cache/repos/apache__incubator-druid,cloned,14.2,63130812,60.2MB,2026-09-03T23:41:18,
git@github.com:apache/incubator-dubbo.git,/Users/praffulg/Downloads/Neelam paper/cache/repos/apache__incubator-dubbo,cloned,4.4,28750581,27.4MB,2026-09-03T23:41:22,
git@github.com:apache/incubator-edgent.git,/Users/praffulg/Downloads/Neelam paper/cache/repos/apache__incubator-edgent,cloned,1.6,2284525,2.2MB,2026-09-03T23:41:24,
git@github.com:apache/incubator-gobblin.git,/Users/praffulg/Downloads/Neelam paper/cache/repos/apache__incubator-gobblin,cloned,3.8,14777499,14.1MB,2026-09-03T23:41:28,
git@github.com:apache/incubator-heron.git,/Users/praffulg/Downloads/Neelam paper/cache/repos/apache__incubator-heron,cloned,4.2,9206847,8.8MB,2026-09-03T23:41:32,
git@github.com:apache/incubator-hivemall.git,/Users/praffulg/Downloads/Neelam paper/cache/repos/apache__incubator-hivemall,cloned,1.5,2342739,2.2MB,2026-09-03T23:41:33,
git@github.com:apache/incubator-hudi.git,/Users/praffulg/Downloads/Neelam paper/cache/repos/apache__incubator-hudi,cloned,49.1,295748604,282.0MB,2026-09-03T23:42:23,
git@github.com:apache/incubator-myriad.git,/Users/praffulg/Downloads/Neelam paper/cache/repos/apache__incubator-myriad,cloned,1.3,555944,542.9KB,2026-09-03T23:42:24,
git@github.com:apache/incubator-netbeans-html4j.git,/Users/praffulg/Downloads/Neelam paper/cache/repos/apache__incubator-netbeans-html4j,cloned,1.9,2217590,2.1MB,2026-09-03T23:42:26,
git@github.com:apache/incubator-omid.git,/Users/praffulg/Downloads/Neelam paper/cache/repos/apache__incubator-omid,cloned,1.7,2711018,2.6MB,2026-09-03T23:42:27,
git@github.com:apache/incubator-pinot.git,/Users/praffulg/Downloads/Neelam paper/cache/repos/apache__incubator-pinot,cloned,6.7,50032576,47.7MB,2026-09-03T23:42:34,
git@github.com:apache/incubator-plc4x.git,/Users/praffulg/Downloads/Neelam paper/cache/repos/apache__incubator-plc4x,cloned,5.9,31460443,30.0MB,2026-09-03T23:42:40,
git@github.com:apache/incubator-ratis.git,/Users/praffulg/Downloads/Neelam paper/cache/repos/apache__incubator-ratis,cloned,6.7,6487162,6.2MB,2026-09-03T23:42:47,
git@github.com:apache/incubator-rya.git,/Users/praffulg/Downloads/Neelam paper/cache/repos/apache__incubator-rya,cloned,3.6,2058988,2.0MB,2026-09-03T23:42:50,
git@github.com:apache/incubator-samoa.git,/Users/praffulg/Downloads/Neelam paper/cache/repos/apache__incubator-samoa,cloned,1.3,431167,421.1KB,2026-09-03T23:42:52,
git@github.com:apache/incubator-sentry.git,/Users/praffulg/Downloads/Neelam paper/cache/repos/apache__incubator-sentry,cloned,1.6,2091415,2.0MB,2026-09-03T23:42:53,
git@github.com:apache/incubator-shardingsphere.git,/Users/praffulg/Downloads/Neelam paper/cache/repos/apache__incubator-shardingsphere,cloned,51.2,181711322,173.3MB,2026-09-03T23:43:44,
git@github.com:apache/incubator-skywalking.git,/Users/praffulg/Downloads/Neelam paper/cache/repos/apache__incubator-skywalking,cloned,14.9,28495834,27.2MB,2026-09-03T23:43:59,
git@github.com:apache/incubator-taverna-common-activities.git,/Users/praffulg/Downloads/Neelam paper/cache/repos/apache__incubator-taverna-common-activities,cloned,2.1,1086005,1.0MB,2026-09-03T23:44:01,
git@github.com:apache/incubator-taverna-engine.git,/Users/praffulg/Downloads/Neelam paper/cache/repos/apache__incubator-taverna-engine,cloned,1.7,2872146,2.7MB,2026-09-03T23:44:03,
git@github.com:apache/incubator-taverna-workbench.git,/Users/praffulg/Downloads/Neelam paper/cache/repos/apache__incubator-taverna-workbench,cloned,2.2,4389486,4.2MB,2026-09-03T23:44:05,
git@github.com:apache/incubator-tez.git,/Users/praffulg/Downloads/Neelam paper/cache/repos/apache__incubator-tez,cloned,1.7,2327219,2.2MB,2026-09-03T23:44:07,
git@github.com:apache/isis.git,/Users/praffulg/Downloads/Neelam paper/cache/repos/apache__isis,cloned,36.6,98275205,93.7MB,2026-09-03T23:44:43,
git@github.com:apache/jackrabbit-oak.git,/Users/praffulg/Downloads/Neelam paper/cache/repos/apache__jackrabbit-oak,cloned,25.7,52423524,50.0MB,2026-09-03T23:45:09,
git@github.com:apache/jackrabbit.git,/Users/praffulg/Downloads/Neelam paper/cache/repos/apache__jackrabbit,cloned,5.3,19939968,19.0MB,2026-09-03T23:45:14,
git@github.com:apache/james-mime4j.git,/Users/praffulg/Downloads/Neelam paper/cache/repos/apache__james-mime4j,cloned,2.1,1886065,1.8MB,2026-09-03T23:45:17,
git@github.com:apache/james-project.git,/Users/praffulg/Downloads/Neelam paper/cache/repos/apache__james-project,cloned,8.8,52044177,49.6MB,2026-09-03T23:45:25,
git@github.com:apache/jclouds.git,/Users/praffulg/Downloads/Neelam paper/cache/repos/apache__jclouds,cloned,12.1,33913419,32.3MB,2026-09-03T23:45:37,
git@github.com:apache/jena.git,/Users/praffulg/Downloads/Neelam paper/cache/repos/apache__jena,cloned,19.5,39984586,38.1MB,2026-09-03T23:45:57,
git@github.com:apache/jmeter.git,/Users/praffulg/Downloads/Neelam paper/cache/repos/apache__jmeter,cloned,19.8,28620800,27.3MB,2026-09-03T23:46:17,
git@github.com:apache/joshua.git,/Users/praffulg/Downloads/Neelam paper/cache/repos/apache__joshua,cloned,3.3,3717392,3.5MB,2026-09-03T23:46:20,
git@github.com:apache/jspwiki.git,/Users/praffulg/Downloads/Neelam paper/cache/repos/apache__jspwiki,cloned,2.9,10925906,10.4MB,2026-09-03T23:46:23,
git@github.com:apache/juneau.git,/Users/praffulg/Downloads/Neelam paper/cache/repos/apache__juneau,cloned,11.3,32767219,31.2MB,2026-09-03T23:46:34,
git@github.com:apache/kafka.git,/Users/praffulg/Downloads/Neelam paper/cache/repos/apache__kafka,cloned,12.4,76629971,73.1MB,2026-09-03T23:46:47,
git@github.com:apache/karaf-cellar.git,/Users/praffulg/Downloads/Neelam paper/cache/repos/apache__karaf-cellar,cloned,1.6,2718286,2.6MB,2026-09-03T23:46:48,
git@github.com:apache/karaf.git,/Users/praffulg/Downloads/Neelam paper/cache/repos/apache__karaf,cloned,5.2,35590948,33.9MB,2026-09-03T23:46:54,
git@github.com:apache/knox.git,/Users/praffulg/Downloads/Neelam paper/cache/repos/apache__knox,cloned,2.9,10145472,9.7MB,2026-09-03T23:46:56,
git@github.com:apache/kylin.git,/Users/praffulg/Downloads/Neelam paper/cache/repos/apache__kylin,cloned,23.8,27880671,26.6MB,2026-09-03T23:47:20,
git@github.com:apache/lens.git,/Users/praffulg/Downloads/Neelam paper/cache/repos/apache__lens,cloned,2.2,5176175,4.9MB,2026-09-03T23:47:22,
git@github.com:apache/log4j.git,/Users/praffulg/Downloads/Neelam paper/cache/repos/apache__log4j,cloned,2.1,4126394,3.9MB,2026-09-03T23:47:25,
git@github.com:apache/logging-chainsaw.git,/Users/praffulg/Downloads/Neelam paper/cache/repos/apache__logging-chainsaw,cloned,1.9,1635408,1.6MB,2026-09-03T23:47:26,
git@github.com:apache/logging-log4j-audit.git,/Users/praffulg/Downloads/Neelam paper/cache/repos/apache__logging-log4j-audit,cloned,1.4,521860,509.6KB,2026-09-03T23:47:28,
git@github.com:apache/logging-log4j2.git,/Users/praffulg/Downloads/Neelam paper/cache/repos/apache__logging-log4j2,cloned,7.8,40086634,38.2MB,2026-09-03T23:47:36,
git@github.com:apache/lucene-solr.git,/Users/praffulg/Downloads/Neelam paper/cache/repos/apache__lucene-solr,cloned,18.4,125228175,119.4MB,2026-09-03T23:47:54,
git@github.com:apache/mahout.git,/Users/praffulg/Downloads/Neelam paper/cache/repos/apache__mahout,cloned,11.7,12234234,11.7MB,2026-09-03T23:48:06,
git@github.com:apache/manifoldcf.git,/Users/praffulg/Downloads/Neelam paper/cache/repos/apache__manifoldcf,cloned,4.2,11287074,10.8MB,2026-09-03T23:48:10,
git@github.com:apache/marmotta.git,/Users/praffulg/Downloads/Neelam paper/cache/repos/apache__marmotta,cloned,3.7,5434276,5.2MB,2026-09-03T23:48:13,
git@github.com:apache/maven-archetype.git,/Users/praffulg/Downloads/Neelam paper/cache/repos/apache__maven-archetype,cloned,1.5,2426755,2.3MB,2026-09-03T23:48:15,
git@github.com:apache/maven-checkstyle-plugin.git,/Users/praffulg/Downloads/Neelam paper/cache/repos/apache__maven-checkstyle-plugin,cloned,1.3,925052,903.4KB,2026-09-03T23:48:16,
git@github.com:apache/maven-compiler-plugin.git,/Users/praffulg/Downloads/Neelam paper/cache/repos/apache__maven-compiler-plugin,cloned,1.5,1463824,1.4MB,2026-09-03T23:48:18,
git@github.com:apache/maven-indexer.git,/Users/praffulg/Downloads/Neelam paper/cache/repos/apache__maven-indexer,cloned,1.3,1086891,1.0MB,2026-09-03T23:48:19,
git@github.com:apache/maven-javadoc-plugin.git,/Users/praffulg/Downloads/Neelam paper/cache/repos/apache__maven-javadoc-plugin,cloned,1.5,2084817,2.0MB,2026-09-03T23:48:21,
git@github.com:apache/maven-plugins.git,/Users/praffulg/Downloads/Neelam paper/cache/repos/apache__maven-plugins,cloned,5.3,29937990,28.6MB,2026-09-03T23:48:26,
git@github.com:apache/maven-resolver.git,/Users/praffulg/Downloads/Neelam paper/cache/repos/apache__maven-resolver,cloned,2.1,5036199,4.8MB,2026-09-03T23:48:28,
git@github.com:apache/maven-scm.git,/Users/praffulg/Downloads/Neelam paper/cache/repos/apache__maven-scm,cloned,2.2,6298349,6.0MB,2026-09-03T23:48:30,
git@github.com:apache/maven-surefire.git,/Users/praffulg/Downloads/Neelam paper/cache/repos/apache__maven-surefire,cloned,3.2,8734460,8.3MB,2026-09-03T23:48:33,
git@github.com:apache/maven.git,/Users/praffulg/Downloads/Neelam paper/cache/repos/apache__maven,cloned,40.8,37074641,35.4MB,2026-09-03T23:49:14,
git@github.com:apache/meecrowave.git,/Users/praffulg/Downloads/Neelam paper/cache/repos/apache__meecrowave,cloned,1.5,1100827,1.0MB,2026-09-03T23:49:16,
git@github.com:apache/metamodel.git,/Users/praffulg/Downloads/Neelam paper/cache/repos/apache__metamodel,cloned,1.4,1827475,1.7MB,2026-09-03T23:49:17,
git@github.com:apache/metron.git,/Users/praffulg/Downloads/Neelam paper/cache/repos/apache__metron,cloned,2.2,5291965,5.0MB,2026-09-03T23:49:19,
git@github.com:apache/mina-sshd.git,/Users/praffulg/Downloads/Neelam paper/cache/repos/apache__mina-sshd,skipped_exists,0,26101273,24.9MB,2026-09-03T23:49:19,
git@github.com:apache/mina.git,/Users/praffulg/Downloads/Neelam paper/cache/repos/apache__mina,cloned,2.1,6608318,6.3MB,2026-09-03T23:49:22,
git@github.com:apache/myfaces-tobago.git,/Users/praffulg/Downloads/Neelam paper/cache/repos/apache__myfaces-tobago,cloned,6.1,31290497,29.8MB,2026-09-03T23:49:28,
git@github.com:apache/nifi-minifi.git,/Users/praffulg/Downloads/Neelam paper/cache/repos/apache__nifi-minifi,skipped_exists,0,5174780,4.9MB,2026-09-03T23:49:28,
git@github.com:apache/nifi-registry.git,/Users/praffulg/Downloads/Neelam paper/cache/repos/apache__nifi-registry,cloned,1.8,1353118,1.3MB,2026-09-03T23:49:30,
git@github.com:apache/nifi.git,/Users/praffulg/Downloads/Neelam paper/cache/repos/apache__nifi,cloned,31.6,67781984,64.6MB,2026-09-03T23:50:01,
git@github.com:apache/nutch.git,/Users/praffulg/Downloads/Neelam paper/cache/repos/apache__nutch,cloned,5.2,6900381,6.6MB,2026-09-03T23:50:06,
git@github.com:apache/ode.git,/Users/praffulg/Downloads/Neelam paper/cache/repos/apache__ode,cloned,2.8,8217231,7.8MB,2026-09-03T23:50:09,
git@github.com:apache/ofbiz-framework.git,/Users/praffulg/Downloads/Neelam paper/cache/repos/apache__ofbiz-framework,skipped_exists,0,242489590,231.3MB,2026-09-03T23:50:09,
git@github.com:apache/ofbiz.git,/Users/praffulg/Downloads/Neelam paper/cache/repos/apache__ofbiz,cloned,13.6,42556771,40.6MB,2026-09-03T23:50:23,
git@github.com:apache/olingo-odata2.git,/Users/praffulg/Downloads/Neelam paper/cache/repos/apache__olingo-odata2,cloned,1.5,2765554,2.6MB,2026-09-03T23:50:24,
git@github.com:apache/olingo-odata4.git,/Users/praffulg/Downloads/Neelam paper/cache/repos/apache__olingo-odata4,cloned,2.5,7582370,7.2MB,2026-09-03T23:50:27,
git@github.com:apache/oodt.git,/Users/praffulg/Downloads/Neelam paper/cache/repos/apache__oodt,cloned,2.3,6066183,5.8MB,2026-09-03T23:50:29,
git@github.com:apache/oozie.git,/Users/praffulg/Downloads/Neelam paper/cache/repos/apache__oozie,cloned,6.0,6517611,6.2MB,2026-09-03T23:50:35,
git@github.com:apache/openejb.git,/Users/praffulg/Downloads/Neelam paper/cache/repos/apache__openejb,cloned,5.0,22761465,21.7MB,2026-09-03T23:50:40,
git@github.com:apache/openjpa.git,/Users/praffulg/Downloads/Neelam paper/cache/repos/apache__openjpa,cloned,5.2,14746749,14.1MB,2026-09-03T23:50:45,
git@github.com:apache/openmeetings.git,/Users/praffulg/Downloads/Neelam paper/cache/repos/apache__openmeetings,cloned,3.0,11567429,11.0MB,2026-09-03T23:50:48,
git@github.com:apache/opennlp-sandbox.git,/Users/praffulg/Downloads/Neelam paper/cache/repos/apache__opennlp-sandbox,cloned,1.5,2280910,2.2MB,2026-09-03T23:50:50,
git@github.com:apache/opennlp.git,/Users/praffulg/Downloads/Neelam paper/cache/repos/apache__opennlp,cloned,2.5,6304887,6.0MB,2026-09-03T23:50:52,
git@github.com:apache/openwebbeans.git,/Users/praffulg/Downloads/Neelam paper/cache/repos/apache__openwebbeans,cloned,4.6,9571638,9.1MB,2026-09-03T23:50:57,
git@github.com:apache/parquet-mr.git,/Users/praffulg/Downloads/Neelam paper/cache/repos/apache__parquet-mr,cloned,2.1,6057780,5.8MB,2026-09-03T23:50:59,
git@github.com:apache/pdfbox.git,/Users/praffulg/Downloads/Neelam paper/cache/repos/apache__pdfbox,cloned,5.6,29734130,28.4MB,2026-09-03T23:51:05,
git@github.com:apache/phoenix.git,/Users/praffulg/Downloads/Neelam paper/cache/repos/apache__phoenix,cloned,5.9,32900878,31.4MB,2026-09-03T23:51:10,
git@github.com:apache/pig.git,/Users/praffulg/Downloads/Neelam paper/cache/repos/apache__pig,cloned,2.7,9284692,8.9MB,2026-09-03T23:51:13,
git@github.com:apache/pivot.git,/Users/praffulg/Downloads/Neelam paper/cache/repos/apache__pivot,cloned,2.5,7425753,7.1MB,2026-09-03T23:51:16,
git@github.com:apache/poi.git,/Users/praffulg/Downloads/Neelam paper/cache/repos/apache__poi,skipped_exists,0,438150927,417.9MB,2026-09-03T23:51:16,
git@github.com:apache/portals-pluto.git,/Users/praffulg/Downloads/Neelam paper/cache/repos/apache__portals-pluto,cloned,2.1,5940486,5.7MB,2026-09-03T23:51:18,
git@github.com:apache/pulsar.git,/Users/praffulg/Downloads/Neelam paper/cache/repos/apache__pulsar,cloned,9.6,78648820,75.0MB,2026-09-03T23:51:27,
git@github.com:apache/qpid-broker-j.git,/Users/praffulg/Downloads/Neelam paper/cache/repos/apache__qpid-broker-j,cloned,5.2,22980911,21.9MB,2026-09-03T23:51:33,
git@github.com:apache/qpid-jms.git,/Users/praffulg/Downloads/Neelam paper/cache/repos/apache__qpid-jms,cloned,2.1,3603300,3.4MB,2026-09-03T23:51:35,
git@github.com:apache/qpid-proton-j.git,/Users/praffulg/Downloads/Neelam paper/cache/repos/apache__qpid-proton-j,cloned,1.7,3827242,3.6MB,2026-09-03T23:51:36,
git@github.com:apache/qpid.git,/Users/praffulg/Downloads/Neelam paper/cache/repos/apache__qpid,cloned,8.7,38666211,36.9MB,2026-09-03T23:51:45,
git@github.com:apache/ranger.git,/Users/praffulg/Downloads/Neelam paper/cache/repos/apache__ranger,cloned,3.4,16533297,15.8MB,2026-09-03T23:51:49,
git@github.com:apache/reef.git,/Users/praffulg/Downloads/Neelam paper/cache/repos/apache__reef,cloned,2.1,7609855,7.3MB,2026-09-03T23:51:51,
git@github.com:apache/rocketmq-externals.git,/Users/praffulg/Downloads/Neelam paper/cache/repos/apache__rocketmq-externals,cloned,1.5,1727119,1.6MB,2026-09-03T23:51:52,
git@github.com:apache/rocketmq.git,/Users/praffulg/Downloads/Neelam paper/cache/repos/apache__rocketmq,cloned,3.2,16461672,15.7MB,2026-09-03T23:51:55,
git@github.com:apache/royale-compiler.git,/Users/praffulg/Downloads/Neelam paper/cache/repos/apache__royale-compiler,cloned,2.1,7998754,7.6MB,2026-09-03T23:51:57,
git@github.com:apache/samza.git,/Users/praffulg/Downloads/Neelam paper/cache/repos/apache__samza,cloned,2.0,6826594,6.5MB,2026-09-03T23:51:59,
git@github.com:apache/santuario-java.git,/Users/praffulg/Downloads/Neelam paper/cache/repos/apache__santuario-java,cloned,1.9,4461953,4.3MB,2026-09-03T23:52:01,
git@github.com:apache/sentry.git,/Users/praffulg/Downloads/Neelam paper/cache/repos/apache__sentry,cloned,1.7,4248533,4.1MB,2026-09-03T23:52:03,
git@github.com:apache/servicecomb-java-chassis.git,/Users/praffulg/Downloads/Neelam paper/cache/repos/apache__servicecomb-java-chassis,cloned,3.1,17817266,17.0MB,2026-09-03T23:52:06,
git@github.com:apache/servicemix-bundles.git,/Users/praffulg/Downloads/Neelam paper/cache/repos/apache__servicemix-bundles,cloned,8.4,21914420,20.9MB,2026-09-03T23:52:15,
git@github.com:apache/shindig.git,/Users/praffulg/Downloads/Neelam paper/cache/repos/apache__shindig,cloned,2.7,8050363,7.7MB,2026-09-03T23:52:17,
git@github.com:apache/shiro.git,/Users/praffulg/Downloads/Neelam paper/cache/repos/apache__shiro,cloned,2.5,9533217,9.1MB,2026-09-03T23:52:20,
git@github.com:apache/sis.git,/Users/praffulg/Downloads/Neelam paper/cache/repos/apache__sis,cloned,5.9,35502030,33.9MB,2026-09-03T23:52:26,
git@github.com:apache/sling-org-apache-sling-testing-clients.git,/Users/praffulg/Downloads/Neelam paper/cache/repos/apache__sling-org-apache-sling-testing-clients,cloned,1.2,292599,285.7KB,2026-09-03T23:52:27,
git@github.com:apache/sqoop.git,/Users/praffulg/Downloads/Neelam paper/cache/repos/apache__sqoop,cloned,2.3,4555821,4.3MB,2026-09-03T23:52:29,
git@github.com:apache/stanbol.git,/Users/praffulg/Downloads/Neelam paper/cache/repos/apache__stanbol,cloned,2.7,11507912,11.0MB,2026-09-03T23:52:32,
git@github.com:apache/storm.git,/Users/praffulg/Downloads/Neelam paper/cache/repos/apache__storm,cloned,3.7,20169993,19.2MB,2026-09-03T23:52:36,
git@github.com:apache/streams.git,/Users/praffulg/Downloads/Neelam paper/cache/repos/apache__streams,cloned,3.3,13300919,12.7MB,2026-09-03T23:52:39,
git@github.com:apache/struts-examples.git,/Users/praffulg/Downloads/Neelam paper/cache/repos/apache__struts-examples,cloned,1.5,1562836,1.5MB,2026-09-03T23:52:40,
git@github.com:apache/struts.git,/Users/praffulg/Downloads/Neelam paper/cache/repos/apache__struts,cloned,3.3,17874944,17.0MB,2026-09-03T23:52:44,
git@github.com:apache/struts1.git,/Users/praffulg/Downloads/Neelam paper/cache/repos/apache__struts1,cloned,2.0,5951805,5.7MB,2026-09-03T23:52:46,
git@github.com:apache/syncope.git,/Users/praffulg/Downloads/Neelam paper/cache/repos/apache__syncope,cloned,4.9,36695599,35.0MB,2026-09-03T23:52:51,
git@github.com:apache/systemml.git,/Users/praffulg/Downloads/Neelam paper/cache/repos/apache__systemml,cloned,5.5,22040481,21.0MB,2026-09-03T23:52:56,
git@github.com:apache/tajo.git,/Users/praffulg/Downloads/Neelam paper/cache/repos/apache__tajo,cloned,3.0,9396198,9.0MB,2026-09-03T23:52:59,
git@github.com:apache/tapestry-5.git,/Users/praffulg/Downloads/Neelam paper/cache/repos/apache__tapestry-5,skipped_exists,0,75481450,72.0MB,2026-09-03T23:52:59,
git@github.com:apache/tez.git,/Users/praffulg/Downloads/Neelam paper/cache/repos/apache__tez,cloned,3.0,10359601,9.9MB,2026-09-03T23:53:02,
git@github.com:apache/tika.git,/Users/praffulg/Downloads/Neelam paper/cache/repos/apache__tika,cloned,5.5,28916292,27.6MB,2026-09-03T23:53:08,
git@github.com:apache/tinkerpop.git,/Users/praffulg/Downloads/Neelam paper/cache/repos/apache__tinkerpop,cloned,8.0,43858109,41.8MB,2026-09-03T23:53:16,
git@github.com:apache/tomcat.git,/Users/praffulg/Downloads/Neelam paper/cache/repos/apache__tomcat,cloned,13.2,74031755,70.6MB,2026-09-03T23:53:29,
git@github.com:apache/tomee.git,/Users/praffulg/Downloads/Neelam paper/cache/repos/apache__tomee,cloned,8.7,47573426,45.4MB,2026-09-03T23:53:38,
git@github.com:apache/uima-ruta.git,/Users/praffulg/Downloads/Neelam paper/cache/repos/apache__uima-ruta,cloned,2.0,4130687,3.9MB,2026-09-03T23:53:40,
git@github.com:apache/uima-uimafit.git,/Users/praffulg/Downloads/Neelam paper/cache/repos/apache__uima-uimafit,cloned,1.5,1368797,1.3MB,2026-09-03T23:53:41,
git@github.com:apache/uima-uimaj.git,/Users/praffulg/Downloads/Neelam paper/cache/repos/apache__uima-uimaj,cloned,3.4,12901776,12.3MB,2026-09-03T23:53:44,
git@github.com:apache/unomi.git,/Users/praffulg/Downloads/Neelam paper/cache/repos/apache__unomi,cloned,5.2,8438402,8.0MB,2026-09-03T23:53:50,
git@github.com:apache/usergrid.git,/Users/praffulg/Downloads/Neelam paper/cache/repos/apache__usergrid,cloned,4.1,18428722,17.6MB,2026-09-03T23:53:54,
git@github.com:apache/velocity-engine.git,/Users/praffulg/Downloads/Neelam paper/cache/repos/apache__velocity-engine,cloned,2.6,4754433,4.5MB,2026-09-03T23:53:56,
git@github.com:apache/velocity-tools.git,/Users/praffulg/Downloads/Neelam paper/cache/repos/apache__velocity-tools,cloned,1.5,2115313,2.0MB,2026-09-03T23:53:58,
git@github.com:apache/vxquery.git,/Users/praffulg/Downloads/Neelam paper/cache/repos/apache__vxquery,cloned,1.9,2157419,2.1MB,2026-09-03T23:54:00,
git@github.com:apache/webservices-xmlschema.git,/Users/praffulg/Downloads/Neelam paper/cache/repos/apache__webservices-xmlschema,failed,1.3,0,0.0B,2026-09-03T23:54:01,"Cloning into '/Users/praffulg/Downloads/Neelam paper/cache/repos/apache__webservices-xmlschema'...
remote: Repository not found.
fatal: repository 'https://github.com/apache/webservices-xmlschema.git/' not found"
git@github.com:apache/wicket.git,/Users/praffulg/Downloads/Neelam paper/cache/repos/apache__wicket,cloned,7.5,50819763,48.5MB,2026-09-03T23:54:08,
git@github.com:apache/wss4j.git,/Users/praffulg/Downloads/Neelam paper/cache/repos/apache__wss4j,failed,0.7,0,0.0B,2026-09-03T23:54:09,"Cloning into '/Users/praffulg/Downloads/Neelam paper/cache/repos/apache__wss4j'...
remote: Repository not found.
fatal: repository 'https://github.com/apache/wss4j.git/' not found"
git@github.com:apache/xalan-j.git,/Users/praffulg/Downloads/Neelam paper/cache/repos/apache__xalan-j,cloned,2.7,5993323,5.7MB,2026-09-03T23:54:12,
git@github.com:apache/xml-graphics-commons.git,/Users/praffulg/Downloads/Neelam paper/cache/repos/apache__xml-graphics-commons,cloned,1.6,1045525,1021.0KB,2026-09-03T23:54:14,
git@github.com:apache/xmlbeans.git,/Users/praffulg/Downloads/Neelam paper/cache/repos/apache__xmlbeans,cloned,2.7,3606866,3.4MB,2026-09-03T23:54:16,
git@github.com:apache/zeppelin.git,/Users/praffulg/Downloads/Neelam paper/cache/repos/apache__zeppelin,cloned,3.0,16613130,15.8MB,2026-09-03T23:54:19,
git@github.com:apache/zookeeper.git,/Users/praffulg/Downloads/Neelam paper/cache/repos/apache__zookeeper,cloned,2.7,10625516,10.1MB,2026-09-03T23:54:22,
git@github.com:aws/amazon-kinesis-video-streams-parser-library.git,/Users/praffulg/Downloads/Neelam paper/cache/repos/aws__amazon-kinesis-video-streams-parser-library,cloned,1.1,165418,161.5KB,2026-09-03T23:54:23,
git@github.com:aws/aws-cloudtrail-processing-library.git,/Users/praffulg/Downloads/Neelam paper/cache/repos/aws__aws-cloudtrail-processing-library,cloned,1.2,125113,122.2KB,2026-09-03T23:54:24,
git@github.com:aws/aws-sdk-java-v2.git,/Users/praffulg/Downloads/Neelam paper/cache/repos/aws__aws-sdk-java-v2,cloned,33.0,256033883,244.2MB,2026-09-03T23:54:57,
git@github.com:aws/aws-toolkit-eclipse.git,/Users/praffulg/Downloads/Neelam paper/cache/repos/aws__aws-toolkit-eclipse,cloned,1.4,781554,763.2KB,2026-09-03T23:54:59,
git@github.com:awsdocs/amazon-s3-developer-guide.git,/Users/praffulg/Downloads/Neelam paper/cache/repos/awsdocs__amazon-s3-developer-guide,cloned,1.3,291707,284.9KB,2026-09-03T23:55:00,
git@github.com:awsdocs/aws-doc-sdk-examples.git,/Users/praffulg/Downloads/Neelam paper/cache/repos/awsdocs__aws-doc-sdk-examples,cloned,8.6,23777578,22.7MB,2026-09-03T23:55:09,
git@github.com:awslabs/amazon-kinesis-client.git,/Users/praffulg/Downloads/Neelam paper/cache/repos/awslabs__amazon-kinesis-client,cloned,2.6,1794976,1.7MB,2026-09-03T23:55:11,
git@github.com:baidu/Jprotobuf-rpc-socket.git,/Users/praffulg/Downloads/Neelam paper/cache/repos/baidu__Jprotobuf-rpc-socket,cloned,1.4,676496,660.6KB,2026-09-03T23:55:13,
git@github.com:cloudfoundry/cf-java-client.git,/Users/praffulg/Downloads/Neelam paper/cache/repos/cloudfoundry__cf-java-client,cloned,3.0,10886930,10.4MB,2026-09-03T23:55:15,
git@github.com:cloudfoundry/java-buildpack-dependency-builder.git,/Users/praffulg/Downloads/Neelam paper/cache/repos/cloudfoundry__java-buildpack-dependency-builder,cloned,1.4,944946,922.8KB,2026-09-03T23:55:17,
git@github.com:cloudfoundry/uaa.git,/Users/praffulg/Downloads/Neelam paper/cache/repos/cloudfoundry__uaa,cloned,9.0,24035938,22.9MB,2026-09-03T23:55:26,
git@github.com:eclipse/aCute.git,/Users/praffulg/Downloads/Neelam paper/cache/repos/eclipse__aCute,cloned,1.4,587087,573.3KB,2026-09-03T23:55:27,
git@github.com:eclipse/acceleo.git,/Users/praffulg/Downloads/Neelam paper/cache/repos/eclipse__acceleo,failed,0.8,0,0.0B,2026-09-03T23:55:28,"Cloning into '/Users/praffulg/Downloads/Neelam paper/cache/repos/eclipse__acceleo'...
remote: Repository not found.
fatal: repository 'https://github.com/eclipse/acceleo.git/' not found"
git@github.com:eclipse/birt.git,/Users/praffulg/Downloads/Neelam paper/cache/repos/eclipse__birt,cloned,10.3,59171666,56.4MB,2026-09-03T23:55:38,
git@github.com:eclipse/bpmn2-modeler.git,/Users/praffulg/Downloads/Neelam paper/cache/repos/eclipse__bpmn2-modeler,failed,0.8,0,0.0B,2026-09-03T23:55:39,"Cloning into '/Users/praffulg/Downloads/Neelam paper/cache/repos/eclipse__bpmn2-modeler'...
remote: Repository not found.
fatal: repository 'https://github.com/eclipse/bpmn2-modeler.git/' not found"
git@github.com:eclipse/buildship.git,/Users/praffulg/Downloads/Neelam paper/cache/repos/eclipse__buildship,cloned,2.4,6226806,5.9MB,2026-09-03T23:55:41,
git@github.com:eclipse/californium.git,/Users/praffulg/Downloads/Neelam paper/cache/repos/eclipse__californium,cloned,2.2,7977506,7.6MB,2026-09-03T23:55:44,
git@github.com:eclipse/ceylon.git,/Users/praffulg/Downloads/Neelam paper/cache/repos/eclipse__ceylon,cloned,6.8,43253506,41.2MB,2026-09-03T23:55:50,
git@github.com:eclipse/cft.git,/Users/praffulg/Downloads/Neelam paper/cache/repos/eclipse__cft,cloned,1.4,649350,634.1KB,2026-09-03T23:55:52,
git@github.com:eclipse/che-ls-jdt.git,/Users/praffulg/Downloads/Neelam paper/cache/repos/eclipse__che-ls-jdt,cloned,1.3,294726,287.8KB,2026-09-03T23:55:53,
git@github.com:eclipse/che.git,/Users/praffulg/Downloads/Neelam paper/cache/repos/eclipse__che,cloned,18.2,45424057,43.3MB,2026-09-03T23:56:11,
git@github.com:eclipse/concierge.git,/Users/praffulg/Downloads/Neelam paper/cache/repos/eclipse__concierge,cloned,1.5,569147,555.8KB,2026-09-03T23:56:13,
git@github.com:eclipse/corrosion.git,/Users/praffulg/Downloads/Neelam paper/cache/repos/eclipse__corrosion,cloned,1.3,387724,378.6KB,2026-09-03T23:56:14,
git@github.com:eclipse/dawnsci.git,/Users/praffulg/Downloads/Neelam paper/cache/repos/eclipse__dawnsci,cloned,1.6,2426263,2.3MB,2026-09-03T23:56:16,
git@github.com:eclipse/ditto.git,/Users/praffulg/Downloads/Neelam paper/cache/repos/eclipse__ditto,cloned,8.3,37357529,35.6MB,2026-09-03T23:56:24,
git@github.com:eclipse/dltk.core.git,/Users/praffulg/Downloads/Neelam paper/cache/repos/eclipse__dltk.core,failed,1.0,0,0.0B,2026-09-03T23:56:25,"Cloning into '/Users/praffulg/Downloads/Neelam paper/cache/repos/eclipse__dltk.core'...
remote: Repository not found.
fatal: repository 'https://github.com/eclipse/dltk.core.git/' not found"
git@github.com:eclipse/eavp.git,/Users/praffulg/Downloads/Neelam paper/cache/repos/eclipse__eavp,cloned,3.1,1497235,1.4MB,2026-09-03T23:56:28,
git@github.com:eclipse/eclipse-collections.git,/Users/praffulg/Downloads/Neelam paper/cache/repos/eclipse__eclipse-collections,cloned,2.0,5015190,4.8MB,2026-09-03T23:56:30,
git@github.com:eclipse/eclipse.jdt.core.git,/Users/praffulg/Downloads/Neelam paper/cache/repos/eclipse__eclipse.jdt.core,failed,0.7,0,0.0B,2026-09-03T23:56:31,"Cloning into '/Users/praffulg/Downloads/Neelam paper/cache/repos/eclipse__eclipse.jdt.core'...
remote: Repository not found.
fatal: repository 'https://github.com/eclipse/eclipse.jdt.core.git/' not found"
git@github.com:eclipse/eclipse.jdt.ls.git,/Users/praffulg/Downloads/Neelam paper/cache/repos/eclipse__eclipse.jdt.ls,cloned,1.9,4665076,4.4MB,2026-09-03T23:56:33,
git@github.com:eclipse/eclipse.platform.swt.git,/Users/praffulg/Downloads/Neelam paper/cache/repos/eclipse__eclipse.platform.swt,failed,0.7,0,0.0B,2026-09-03T23:56:34,"Cloning into '/Users/praffulg/Downloads/Neelam paper/cache/repos/eclipse__eclipse.platform.swt'...
remote: Repository not found.
fatal: repository 'https://github.com/eclipse/eclipse.platform.swt.git/' not found"
git@github.com:eclipse/eclipse.platform.ui.git,/Users/praffulg/Downloads/Neelam paper/cache/repos/eclipse__eclipse.platform.ui,failed,0.8,0,0.0B,2026-09-03T23:56:34,"Cloning into '/Users/praffulg/Downloads/Neelam paper/cache/repos/eclipse__eclipse.platform.ui'...
remote: Repository not found.
fatal: repository 'https://github.com/eclipse/eclipse.platform.ui.git/' not found"
git@github.com:eclipse/egit-github.git,/Users/praffulg/Downloads/Neelam paper/cache/repos/eclipse__egit-github,failed,0.7,0,0.0B,2026-09-03T23:56:35,"Cloning into '/Users/praffulg/Downloads/Neelam paper/cache/repos/eclipse__egit-github'...
remote: Repository not found.
fatal: repository 'https://github.com/eclipse/egit-github.git/' not found"
git@github.com:eclipse/egit.git,/Users/praffulg/Downloads/Neelam paper/cache/repos/eclipse__egit,failed,0.7,0,0.0B,2026-09-03T23:56:36,"Cloning into '/Users/praffulg/Downloads/Neelam paper/cache/repos/eclipse__egit'...
remote: Repository not found.
fatal: repository 'https://github.com/eclipse/egit.git/' not found"
git@github.com:eclipse/elk.git,/Users/praffulg/Downloads/Neelam paper/cache/repos/eclipse__elk,cloned,2.1,4189624,4.0MB,2026-09-03T23:56:38,
git@github.com:eclipse/gef-legacy.git,/Users/praffulg/Downloads/Neelam paper/cache/repos/eclipse__gef-legacy,cloned,2.0,7219882,6.9MB,2026-09-03T23:56:40,
git@github.com:eclipse/gef.git,/Users/praffulg/Downloads/Neelam paper/cache/repos/eclipse__gef,cloned,2.2,8670226,8.3MB,2026-09-03T23:56:42,
git@github.com:eclipse/gemoc-studio.git,/Users/praffulg/Downloads/Neelam paper/cache/repos/eclipse__gemoc-studio,cloned,1.4,823454,804.2KB,2026-09-03T23:56:43,
git@github.com:eclipse/golo-lang.git,/Users/praffulg/Downloads/Neelam paper/cache/repos/eclipse__golo-lang,cloned,1.6,2930713,2.8MB,2026-09-03T23:56:45,
git@github.com:eclipse/hawkbit-extensions.git,/Users/praffulg/Downloads/Neelam paper/cache/repos/eclipse__hawkbit-extensions,cloned,1.3,188868,184.4KB,2026-09-03T23:56:46,
git@github.com:eclipse/hawkbit.git,/Users/praffulg/Downloads/Neelam paper/cache/repos/eclipse__hawkbit,cloned,3.0,11801870,11.3MB,2026-09-03T23:56:49,
git@github.com:eclipse/hono.git,/Users/praffulg/Downloads/Neelam paper/cache/repos/eclipse__hono,cloned,2.8,16024980,15.3MB,2026-09-03T23:56:52,
git@github.com:eclipse/ice.git,/Users/praffulg/Downloads/Neelam paper/cache/repos/eclipse__ice,cloned,2.0,6915919,6.6MB,2026-09-03T23:56:54,
git@github.com:eclipse/january.git,/Users/praffulg/Downloads/Neelam paper/cache/repos/eclipse__january,cloned,1.5,1869333,1.8MB,2026-09-03T23:56:56,
git@github.com:eclipse/jetty.project.git,/Users/praffulg/Downloads/Neelam paper/cache/repos/eclipse__jetty.project,cloned,13.7,112129554,106.9MB,2026-09-03T23:57:09,
git@github.com:eclipse/jgit.git,/Users/praffulg/Downloads/Neelam paper/cache/repos/eclipse__jgit,failed,0.9,0,0.0B,2026-09-03T23:57:10,"Cloning into '/Users/praffulg/Downloads/Neelam paper/cache/repos/eclipse__jgit'...
remote: Repository not found.
fatal: repository 'https://github.com/eclipse/jgit.git/' not found"
git@github.com:eclipse/jnosql-diana-driver.git,/Users/praffulg/Downloads/Neelam paper/cache/repos/eclipse__jnosql-diana-driver,cloned,2.3,7318186,7.0MB,2026-09-03T23:57:13,
git@github.com:eclipse/jnosql.git,/Users/praffulg/Downloads/Neelam paper/cache/repos/eclipse__jnosql,cloned,3.4,12788457,12.2MB,2026-09-03T23:57:16,
git@github.com:eclipse/kapua.git,/Users/praffulg/Downloads/Neelam paper/cache/repos/eclipse__kapua,cloned,5.3,35780952,34.1MB,2026-09-03T23:57:21,
git@github.com:eclipse/kura.git,/Users/praffulg/Downloads/Neelam paper/cache/repos/eclipse__kura,cloned,7.1,22875178,21.8MB,2026-09-03T23:57:28,
git@github.com:eclipse/leshan.git,/Users/praffulg/Downloads/Neelam paper/cache/repos/eclipse__leshan,cloned,2.1,5174070,4.9MB,2026-09-03T23:57:30,
git@github.com:eclipse/linuxtools.git,/Users/praffulg/Downloads/Neelam paper/cache/repos/eclipse__linuxtools,failed,0.8,0,0.0B,2026-09-03T23:57:31,"Cloning into '/Users/praffulg/Downloads/Neelam paper/cache/repos/eclipse__linuxtools'...
remote: Repository not found.
fatal: repository 'https://github.com/eclipse/linuxtools.git/' not found"
git@github.com:eclipse/lsp4j.git,/Users/praffulg/Downloads/Neelam paper/cache/repos/eclipse__lsp4j,cloned,1.7,1574736,1.5MB,2026-09-03T23:57:33,
git@github.com:eclipse/m2e-core.git,/Users/praffulg/Downloads/Neelam paper/cache/repos/eclipse__m2e-core,failed,0.7,0,0.0B,2026-09-03T23:57:34,"Cloning into '/Users/praffulg/Downloads/Neelam paper/cache/repos/eclipse__m2e-core'...
remote: Repository not found.
fatal: repository 'https://github.com/eclipse/m2e-core.git/' not found"
git@github.com:eclipse/microprofile-opentracing.git,/Users/praffulg/Downloads/Neelam paper/cache/repos/eclipse__microprofile-opentracing,cloned,1.3,364527,356.0KB,2026-09-03T23:57:35,
git@github.com:eclipse/milo.git,/Users/praffulg/Downloads/Neelam paper/cache/repos/eclipse__milo,cloned,2.8,8450609,8.1MB,2026-09-03T23:57:38,
git@github.com:eclipse/n4js.git,/Users/praffulg/Downloads/Neelam paper/cache/repos/eclipse__n4js,cloned,3.9,9227965,8.8MB,2026-09-03T23:57:42,
git@github.com:eclipse/nebula.widgets.nattable.git,/Users/praffulg/Downloads/Neelam paper/cache/repos/eclipse__nebula.widgets.nattable,failed,0.7,0,0.0B,2026-09-03T23:57:42,"Cloning into '/Users/praffulg/Downloads/Neelam paper/cache/repos/eclipse__nebula.widgets.nattable'...
remote: Repository not found.
fatal: repository 'https://github.com/eclipse/nebula.widgets.nattable.git/' not found"
git@github.com:eclipse/openj9.git,/Users/praffulg/Downloads/Neelam paper/cache/repos/eclipse__openj9,cloned,23.1,45452547,43.3MB,2026-09-03T23:58:05,
git@github.com:eclipse/org.aspectj.git,/Users/praffulg/Downloads/Neelam paper/cache/repos/eclipse__org.aspectj,cloned,5.9,11236561,10.7MB,2026-09-03T23:58:11,
git@github.com:eclipse/orion.server.git,/Users/praffulg/Downloads/Neelam paper/cache/repos/eclipse__orion.server,cloned,3.5,7226533,6.9MB,2026-09-03T23:58:15,
git@github.com:eclipse/packagedrone.git,/Users/praffulg/Downloads/Neelam paper/cache/repos/eclipse__packagedrone,cloned,1.3,1235531,1.2MB,2026-09-03T23:58:16,
git@github.com:eclipse/paho.mqtt.java.git,/Users/praffulg/Downloads/Neelam paper/cache/repos/eclipse__paho.mqtt.java,cloned,1.5,1863676,1.8MB,2026-09-03T23:58:18,
git@github.com:eclipse/rap.git,/Users/praffulg/Downloads/Neelam paper/cache/repos/eclipse__rap,failed,0.8,0,0.0B,2026-09-03T23:58:19,"Cloning into '/Users/praffulg/Downloads/Neelam paper/cache/repos/eclipse__rap'...
remote: Repository not found.
fatal: repository 'https://github.com/eclipse/rap.git/' not found"
git@github.com:eclipse/rdf4j.git,/Users/praffulg/Downloads/Neelam paper/cache/repos/eclipse__rdf4j,cloned,11.4,34680619,33.1MB,2026-09-03T23:58:30,
git@github.com:eclipse/reddeer.git,/Users/praffulg/Downloads/Neelam paper/cache/repos/eclipse__reddeer,cloned,1.8,4945700,4.7MB,2026-09-03T23:58:32,
git@github.com:eclipse/smarthome.git,/Users/praffulg/Downloads/Neelam paper/cache/repos/eclipse__smarthome,cloned,2.9,14680091,14.0MB,2026-09-03T23:58:35,
git@github.com:eclipse/texlipse.git,/Users/praffulg/Downloads/Neelam paper/cache/repos/eclipse__texlipse,cloned,1.4,548081,535.2KB,2026-09-03T23:58:36,
git@github.com:eclipse/thym.git,/Users/praffulg/Downloads/Neelam paper/cache/repos/eclipse__thym,cloned,1.3,564123,550.9KB,2026-09-03T23:58:37,
git@github.com:eclipse/titan.EclipsePlug-ins.git,/Users/praffulg/Downloads/Neelam paper/cache/repos/eclipse__titan.EclipsePlug-ins,failed,0.8,0,0.0B,2026-09-03T23:58:38,"Cloning into '/Users/praffulg/Downloads/Neelam paper/cache/repos/eclipse__titan.EclipsePlug-ins'...
remote: Repository not found.
fatal: repository 'https://github.com/eclipse/titan.EclipsePlug-ins.git/' not found"
git@github.com:eclipse/triquetrum.git,/Users/praffulg/Downloads/Neelam paper/cache/repos/eclipse__triquetrum,cloned,1.5,962139,939.6KB,2026-09-03T23:58:40,
git@github.com:eclipse/tycho.git,/Users/praffulg/Downloads/Neelam paper/cache/repos/eclipse__tycho,cloned,3.6,14398221,13.7MB,2026-09-03T23:58:43,
git@github.com:eclipse/vorto.git,/Users/praffulg/Downloads/Neelam paper/cache/repos/eclipse__vorto,cloned,4.3,6877321,6.6MB,2026-09-03T23:58:48,
git@github.com:eclipse/webtools.sourceediting.git,/Users/praffulg/Downloads/Neelam paper/cache/repos/eclipse__webtools.sourceediting,failed,0.8,0,0.0B,2026-09-03T23:58:48,"Cloning into '/Users/praffulg/Downloads/Neelam paper/cache/repos/eclipse__webtools.sourceediting'...
remote: Repository not found.
fatal: repository 'https://github.com/eclipse/webtools.sourceediting.git/' not found"
git@github.com:eclipse/xsemantics.git,/Users/praffulg/Downloads/Neelam paper/cache/repos/eclipse__xsemantics,cloned,2.9,3257226,3.1MB,2026-09-03T23:58:51,
git@github.com:eclipse/xtext-core.git,/Users/praffulg/Downloads/Neelam paper/cache/repos/eclipse__xtext-core,cloned,7.9,14134976,13.5MB,2026-09-03T23:58:59,
git@github.com:eclipse/xtext-eclipse.git,/Users/praffulg/Downloads/Neelam paper/cache/repos/eclipse__xtext-eclipse,cloned,9.4,17356054,16.6MB,2026-09-03T23:59:09,
git@github.com:eclipse/xtext-extras.git,/Users/praffulg/Downloads/Neelam paper/cache/repos/eclipse__xtext-extras,cloned,10.2,12708861,12.1MB,2026-09-03T23:59:19,
git@github.com:eclipse/xtext-idea.git,/Users/praffulg/Downloads/Neelam paper/cache/repos/eclipse__xtext-idea,cloned,1.4,1913980,1.8MB,2026-09-03T23:59:20,
git@github.com:eclipse/xtext-lib.git,/Users/praffulg/Downloads/Neelam paper/cache/repos/eclipse__xtext-lib,cloned,1.4,1390851,1.3MB,2026-09-03T23:59:22,
git@github.com:eclipse/xtext-web.git,/Users/praffulg/Downloads/Neelam paper/cache/repos/eclipse__xtext-web,cloned,1.6,1298041,1.2MB,2026-09-03T23:59:23,
git@github.com:eclipse/xtext-xtend.git,/Users/praffulg/Downloads/Neelam paper/cache/repos/eclipse__xtext-xtend,cloned,2.7,8936006,8.5MB,2026-09-03T23:59:26,
git@github.com:epam/DLab.git,/Users/praffulg/Downloads/Neelam paper/cache/repos/epam__DLab,failed,0.8,0,0.0B,2026-09-03T23:59:27,"Cloning into '/Users/praffulg/Downloads/Neelam paper/cache/repos/epam__DLab'...
remote: Repository not found.
fatal: repository 'https://github.com/epam/DLab.git/' not found"
git@github.com:epam/JDI.git,/Users/praffulg/Downloads/Neelam paper/cache/repos/epam__JDI,cloned,2.0,3285273,3.1MB,2026-09-03T23:59:29,
git@github.com:epam/NGB.git,/Users/praffulg/Downloads/Neelam paper/cache/repos/epam__NGB,cloned,2.5,7160821,6.8MB,2026-09-03T23:59:31,
git@github.com:epam/Wilma.git,/Users/praffulg/Downloads/Neelam paper/cache/repos/epam__Wilma,cloned,1.4,1911156,1.8MB,2026-09-03T23:59:33,
git@github.com:facebook/buck.git,/Users/praffulg/Downloads/Neelam paper/cache/repos/facebook__buck,cloned,13.4,63278165,60.3MB,2026-09-03T23:59:46,
git@github.com:facebook/facebook-android-sdk.git,/Users/praffulg/Downloads/Neelam paper/cache/repos/facebook__facebook-android-sdk,cloned,2.0,5042762,4.8MB,2026-09-03T23:59:48,
git@github.com:facebook/facebook-java-business-sdk.git,/Users/praffulg/Downloads/Neelam paper/cache/repos/facebook__facebook-java-business-sdk,cloned,1.4,934286,912.4KB,2026-09-03T23:59:50,
git@github.com:facebook/fresco.git,/Users/praffulg/Downloads/Neelam paper/cache/repos/facebook__fresco,cloned,2.5,10217447,9.7MB,2026-09-03T23:59:52,
git@github.com:facebook/litho.git,/Users/praffulg/Downloads/Neelam paper/cache/repos/facebook__litho,cloned,8.2,47837784,45.6MB,2026-09-04T00:00:00,
git@github.com:google/ExoPlayer.git,/Users/praffulg/Downloads/Neelam paper/cache/repos/google__ExoPlayer,cloned,6.3,43689547,41.7MB,2026-09-04T00:00:07,
git@github.com:google/MOE.git,/Users/praffulg/Downloads/Neelam paper/cache/repos/google__MOE,cloned,1.4,607215,593.0KB,2026-09-04T00:00:08,
git@github.com:google/agera.git,/Users/praffulg/Downloads/Neelam paper/cache/repos/google__agera,cloned,1.3,274296,267.9KB,2026-09-04T00:00:09,
git@github.com:google/auto.git,/Users/praffulg/Downloads/Neelam paper/cache/repos/google__auto,cloned,3.1,10937312,10.4MB,2026-09-04T00:00:13,
git@github.com:google/binnavi.git,/Users/praffulg/Downloads/Neelam paper/cache/repos/google__binnavi,cloned,1.7,1002984,979.5KB,2026-09-04T00:00:14,
git@github.com:google/blockly-android.git,/Users/praffulg/Downloads/Neelam paper/cache/repos/google__blockly-android,cloned,1.6,1710259,1.6MB,2026-09-04T00:00:16,
git@github.com:google/caja.git,/Users/praffulg/Downloads/Neelam paper/cache/repos/google__caja,cloned,2.1,4286022,4.1MB,2026-09-04T00:00:18,
git@github.com:google/caliper.git,/Users/praffulg/Downloads/Neelam paper/cache/repos/google__caliper,cloned,1.6,1081617,1.0MB,2026-09-04T00:00:20,
git@github.com:google/closure-compiler.git,/Users/praffulg/Downloads/Neelam paper/cache/repos/google__closure-compiler,cloned,12.3,31666919,30.2MB,2026-09-04T00:00:32,
git@github.com:google/closure-stylesheets.git,/Users/praffulg/Downloads/Neelam paper/cache/repos/google__closure-stylesheets,cloned,1.4,671825,656.1KB,2026-09-04T00:00:33,
git@github.com:google/closure-templates.git,/Users/praffulg/Downloads/Neelam paper/cache/repos/google__closure-templates,cloned,2.9,11773422,11.2MB,2026-09-04T00:00:36,
git@github.com:google/conscrypt.git,/Users/praffulg/Downloads/Neelam paper/cache/repos/google__conscrypt,cloned,2.1,4824665,4.6MB,2026-09-04T00:00:38,
git@github.com:google/copybara.git,/Users/praffulg/Downloads/Neelam paper/cache/repos/google__copybara,cloned,2.2,5928748,5.7MB,2026-09-04T00:00:41,
git@github.com:google/error-prone-javac.git,/Users/praffulg/Downloads/Neelam paper/cache/repos/google__error-prone-javac,cloned,46.0,81890730,78.1MB,2026-09-04T00:01:26,
git@github.com:google/error-prone.git,/Users/praffulg/Downloads/Neelam paper/cache/repos/google__error-prone,cloned,4.5,23701407,22.6MB,2026-09-04T00:01:31,
git@github.com:google/gcm.git,/Users/praffulg/Downloads/Neelam paper/cache/repos/google__gcm,cloned,1.2,171211,167.2KB,2026-09-04T00:01:32,
git@github.com:google/gdata-java-client.git,/Users/praffulg/Downloads/Neelam paper/cache/repos/google__gdata-java-client,cloned,1.4,941215,919.2KB,2026-09-04T00:01:34,
git@github.com:google/gitiles.git,/Users/praffulg/Downloads/Neelam paper/cache/repos/google__gitiles,cloned,1.5,1437536,1.4MB,2026-09-04T00:01:35,
git@github.com:google/google-authenticator.git,/Users/praffulg/Downloads/Neelam paper/cache/repos/google__google-authenticator,cloned,1.2,165851,162.0KB,2026-09-04T00:01:36,
git@github.com:google/google-java-format.git,/Users/praffulg/Downloads/Neelam paper/cache/repos/google__google-java-format,cloned,1.5,1517075,1.4MB,2026-09-04T00:01:38,
git@github.com:google/gtfs-realtime-bindings.git,/Users/praffulg/Downloads/Neelam paper/cache/repos/google__gtfs-realtime-bindings,cloned,1.3,208635,203.7KB,2026-09-04T00:01:39,
git@github.com:google/guava.git,/Users/praffulg/Downloads/Neelam paper/cache/repos/google__guava,cloned,6.7,39861190,38.0MB,2026-09-04T00:01:46,
git@github.com:google/guice.git,/Users/praffulg/Downloads/Neelam paper/cache/repos/google__guice,cloned,3.5,11213745,10.7MB,2026-09-04T00:01:49,
git@github.com:google/hover.git,/Users/praffulg/Downloads/Neelam paper/cache/repos/google__hover,cloned,1.2,239290,233.7KB,2026-09-04T00:01:50,
git@github.com:google/j2cl.git,/Users/praffulg/Downloads/Neelam paper/cache/repos/google__j2cl,cloned,5.2,25579015,24.4MB,2026-09-04T00:01:56,
git@github.com:google/j2objc.git,/Users/praffulg/Downloads/Neelam paper/cache/repos/google__j2objc,cloned,3.1,11190991,10.7MB,2026-09-04T00:01:59,
git@github.com:google/jimfs.git,/Users/praffulg/Downloads/Neelam paper/cache/repos/google__jimfs,cloned,1.6,1833003,1.7MB,2026-09-04T00:02:00,
git@github.com:google/jsinterop-generator.git,/Users/praffulg/Downloads/Neelam paper/cache/repos/google__jsinterop-generator,cloned,1.3,452972,442.4KB,2026-09-04T00:02:02,
git@github.com:google/nomulus.git,/Users/praffulg/Downloads/Neelam paper/cache/repos/google__nomulus,cloned,3.8,14555376,13.9MB,2026-09-04T00:02:05,
git@github.com:google/physical-web.git,/Users/praffulg/Downloads/Neelam paper/cache/repos/google__physical-web,cloned,1.4,1130740,1.1MB,2026-09-04T00:02:07,
git@github.com:google/protobuf-dt.git,/Users/praffulg/Downloads/Neelam paper/cache/repos/google__protobuf-dt,cloned,1.5,1490380,1.4MB,2026-09-04T00:02:08,
git@github.com:google/rejoiner.git,/Users/praffulg/Downloads/Neelam paper/cache/repos/google__rejoiner,cloned,1.3,406421,396.9KB,2026-09-04T00:02:10,
git@github.com:google/ringdroid.git,/Users/praffulg/Downloads/Neelam paper/cache/repos/google__ringdroid,cloned,1.2,90572,88.4KB,2026-09-04T00:02:11,
git@github.com:google/sagetv.git,/Users/praffulg/Downloads/Neelam paper/cache/repos/google__sagetv,cloned,1.5,1310516,1.2MB,2026-09-04T00:02:12,
git@github.com:google/tink.git,/Users/praffulg/Downloads/Neelam paper/cache/repos/google__tink,cloned,3.1,14184425,13.5MB,2026-09-04T00:02:15,
git@github.com:google/volley.git,/Users/praffulg/Downloads/Neelam paper/cache/repos/google__volley,cloned,1.3,1039054,1014.7KB,2026-09-04T00:02:17,
git@github.com:linkedin/ambry.git,/Users/praffulg/Downloads/Neelam paper/cache/repos/linkedin__ambry,cloned,8.9,13200340,12.6MB,2026-09-04T00:02:26,
git@github.com:linkedin/cruise-control.git,/Users/praffulg/Downloads/Neelam paper/cache/repos/linkedin__cruise-control,cloned,1.7,3845743,3.7MB,2026-09-04T00:02:27,
git@github.com:linkedin/li-apache-kafka-clients.git,/Users/praffulg/Downloads/Neelam paper/cache/repos/linkedin__li-apache-kafka-clients,cloned,1.3,380513,371.6KB,2026-09-04T00:02:29,
git@github.com:linkedin/parseq.git,/Users/praffulg/Downloads/Neelam paper/cache/repos/linkedin__parseq,cloned,1.4,1126675,1.1MB,2026-09-04T00:02:30,
git@github.com:linkedin/pygradle.git,/Users/praffulg/Downloads/Neelam paper/cache/repos/linkedin__pygradle,cloned,1.3,829658,810.2KB,2026-09-04T00:02:31,
git@github.com:linkedin/rest.li.git,/Users/praffulg/Downloads/Neelam paper/cache/repos/linkedin__rest.li,cloned,3.5,8514528,8.1MB,2026-09-04T00:02:35,
git@github.com:oracle/fastr.git,/Users/praffulg/Downloads/Neelam paper/cache/repos/oracle__fastr,cloned,7.6,40986561,39.1MB,2026-09-04T00:02:42,
git@github.com:oracle/graal.git,/Users/praffulg/Downloads/Neelam paper/cache/repos/oracle__graal,cloned,22.2,177021224,168.8MB,2026-09-04T00:03:05,
git@github.com:oracle/oci-java-sdk.git,/Users/praffulg/Downloads/Neelam paper/cache/repos/oracle__oci-java-sdk,cloned,7.9,35712451,34.1MB,2026-09-04T00:03:12,
git@github.com:oracle/opengrok.git,/Users/praffulg/Downloads/Neelam paper/cache/repos/oracle__opengrok,cloned,29.1,64402140,61.4MB,2026-09-04T00:03:42,
git@github.com:oracle/pgql-lang.git,/Users/praffulg/Downloads/Neelam paper/cache/repos/oracle__pgql-lang,cloned,1.5,1934997,1.8MB,2026-09-04T00:03:43,
git@github.com:oracle/soda-for-java.git,/Users/praffulg/Downloads/Neelam paper/cache/repos/oracle__soda-for-java,cloned,1.3,329241,321.5KB,2026-09-04T00:03:44,
git@github.com:oracle/visualvm.git,/Users/praffulg/Downloads/Neelam paper/cache/repos/oracle__visualvm,cloned,5.5,29381351,28.0MB,2026-09-04T00:03:50,
git@github.com:oracle/weblogic-kubernetes-operator.git,/Users/praffulg/Downloads/Neelam paper/cache/repos/oracle__weblogic-kubernetes-operator,cloned,24.4,117476486,112.0MB,2026-09-04T00:04:14,
git@github.com:oracle/weblogic-monitoring-exporter.git,/Users/praffulg/Downloads/Neelam paper/cache/repos/oracle__weblogic-monitoring-exporter,cloned,1.4,750533,732.9KB,2026-09-04T00:04:16,
git@github.com:rabbitmq/rabbitmq-java-client.git,/Users/praffulg/Downloads/Neelam paper/cache/repos/rabbitmq__rabbitmq-java-client,cloned,3.6,13204201,12.6MB,2026-09-04T00:04:19,
git@github.com:rabbitmq/rabbitmq-jms-client.git,/Users/praffulg/Downloads/Neelam paper/cache/repos/rabbitmq__rabbitmq-jms-client,cloned,2.0,3720484,3.5MB,2026-09-04T00:04:21,
git@github.com:reactor/reactive-streams-commons.git,/Users/praffulg/Downloads/Neelam paper/cache/repos/reactor__reactive-streams-commons,cloned,1.3,812375,793.3KB,2026-09-04T00:04:23,
git@github.com:reactor/reactor-core.git,/Users/praffulg/Downloads/Neelam paper/cache/repos/reactor__reactor-core,cloned,2.3,8261545,7.9MB,2026-09-04T00:04:25,
git@github.com:reactor/reactor-kafka.git,/Users/praffulg/Downloads/Neelam paper/cache/repos/reactor__reactor-kafka,cloned,1.4,650776,635.5KB,2026-09-04T00:04:26,
git@github.com:reactor/reactor-netty.git,/Users/praffulg/Downloads/Neelam paper/cache/repos/reactor__reactor-netty,cloned,2.6,9726046,9.3MB,2026-09-04T00:04:29,
git@github.com:robolectric/robolectric.git,/Users/praffulg/Downloads/Neelam paper/cache/repos/robolectric__robolectric,cloned,4.8,28856747,27.5MB,2026-09-04T00:04:34,
git@github.com:salesforce/Argus.git,/Users/praffulg/Downloads/Neelam paper/cache/repos/salesforce__Argus,failed,0.8,0,0.0B,2026-09-04T00:04:34,"Cloning into '/Users/praffulg/Downloads/Neelam paper/cache/repos/salesforce__Argus'...
remote: Repository not found.
fatal: repository 'https://github.com/salesforce/Argus.git/' not found"
git@github.com:spring-projects/Spring-Integration-in-Action.git,/Users/praffulg/Downloads/Neelam paper/cache/repos/spring-projects__Spring-Integration-in-Action,cloned,1.3,355404,347.1KB,2026-09-04T00:04:36,
git@github.com:spring-projects/aws-maven.git,/Users/praffulg/Downloads/Neelam paper/cache/repos/spring-projects__aws-maven,cloned,1.1,94574,92.4KB,2026-09-04T00:04:37,
git@github.com:spring-projects/eclipse-integration-commons.git,/Users/praffulg/Downloads/Neelam paper/cache/repos/spring-projects__eclipse-integration-commons,cloned,1.6,1910007,1.8MB,2026-09-04T00:04:38,
git@github.com:spring-projects/eclipse-integration-tcserver.git,/Users/praffulg/Downloads/Neelam paper/cache/repos/spring-projects__eclipse-integration-tcserver,cloned,1.2,530694,518.3KB,2026-09-04T00:04:39,
git@github.com:spring-projects/grails-ide.git,/Users/praffulg/Downloads/Neelam paper/cache/repos/spring-projects__grails-ide,cloned,1.5,853094,833.1KB,2026-09-04T00:04:41,
git@github.com:spring-projects/greenhouse.git,/Users/praffulg/Downloads/Neelam paper/cache/repos/spring-projects__greenhouse,cloned,1.5,1825675,1.7MB,2026-09-04T00:04:42,
git@github.com:spring-projects/spring-amqp.git,/Users/praffulg/Downloads/Neelam paper/cache/repos/spring-projects__spring-amqp,cloned,2.3,7891198,7.5MB,2026-09-04T00:04:45,
git@github.com:spring-projects/spring-android.git,/Users/praffulg/Downloads/Neelam paper/cache/repos/spring-projects__spring-android,cloned,1.3,664484,648.9KB,2026-09-04T00:04:46,
git@github.com:spring-projects/spring-batch-admin.git,/Users/praffulg/Downloads/Neelam paper/cache/repos/spring-projects__spring-batch-admin,cloned,1.4,987695,964.5KB,2026-09-04T00:04:47,
git@github.com:spring-projects/spring-batch.git,/Users/praffulg/Downloads/Neelam paper/cache/repos/spring-projects__spring-batch,cloned,3.5,18412056,17.6MB,2026-09-04T00:04:51,
git@github.com:spring-projects/spring-boot.git,/Users/praffulg/Downloads/Neelam paper/cache/repos/spring-projects__spring-boot,cloned,13.2,113684762,108.4MB,2026-09-04T00:05:04,
git@github.com:spring-projects/spring-data-book.git,/Users/praffulg/Downloads/Neelam paper/cache/repos/spring-projects__spring-data-book,skipped_exists,0,2838449,2.7MB,2026-09-04T00:05:04,
git@github.com:spring-projects/spring-data-cassandra.git,/Users/praffulg/Downloads/Neelam paper/cache/repos/spring-projects__spring-data-cassandra,cloned,3.7,7228553,6.9MB,2026-09-04T00:05:08,
git@github.com:spring-projects/spring-data-commons.git,/Users/praffulg/Downloads/Neelam paper/cache/repos/spring-projects__spring-data-commons,cloned,3.2,11474144,10.9MB,2026-09-04T00:05:11,
git@github.com:spring-projects/spring-data-couchbase.git,/Users/praffulg/Downloads/Neelam paper/cache/repos/spring-projects__spring-data-couchbase,cloned,4.4,4475909,4.3MB,2026-09-04T00:05:16,
git@github.com:spring-projects/spring-data-dev-tools.git,/Users/praffulg/Downloads/Neelam paper/cache/repos/spring-projects__spring-data-dev-tools,cloned,2.3,737410,720.1KB,2026-09-04T00:05:18,
git@github.com:spring-projects/spring-data-examples.git,/Users/praffulg/Downloads/Neelam paper/cache/repos/spring-projects__spring-data-examples,cloned,3.5,2561456,2.4MB,2026-09-04T00:05:21,
git@github.com:spring-projects/spring-data-gemfire.git,/Users/praffulg/Downloads/Neelam paper/cache/repos/spring-projects__spring-data-gemfire,cloned,3.1,4809318,4.6MB,2026-09-04T00:05:24,
git@github.com:spring-projects/spring-data-geode.git,/Users/praffulg/Downloads/Neelam paper/cache/repos/spring-projects__spring-data-geode,cloned,4.6,5179369,4.9MB,2026-09-04T00:05:29,
git@github.com:spring-projects/spring-data-graph.git,/Users/praffulg/Downloads/Neelam paper/cache/repos/spring-projects__spring-data-graph,cloned,1.6,1162673,1.1MB,2026-09-04T00:05:31,
git@github.com:spring-projects/spring-data-jdbc-ext.git,/Users/praffulg/Downloads/Neelam paper/cache/repos/spring-projects__spring-data-jdbc-ext,cloned,1.4,274739,268.3KB,2026-09-04T00:05:32,
git@github.com:spring-projects/spring-data-jdbc.git,/Users/praffulg/Downloads/Neelam paper/cache/repos/spring-projects__spring-data-jdbc,cloned,6.7,8358952,8.0MB,2026-09-04T00:05:39,
git@github.com:spring-projects/spring-data-jpa.git,/Users/praffulg/Downloads/Neelam paper/cache/repos/spring-projects__spring-data-jpa,cloned,3.6,10338414,9.9MB,2026-09-04T00:05:42,
git@github.com:spring-projects/spring-data-keyvalue.git,/Users/praffulg/Downloads/Neelam paper/cache/repos/spring-projects__spring-data-keyvalue,cloned,2.1,2576703,2.5MB,2026-09-04T00:05:44,
git@github.com:spring-projects/spring-data-mongodb.git,/Users/praffulg/Downloads/Neelam paper/cache/repos/spring-projects__spring-data-mongodb,cloned,7.9,15789800,15.1MB,2026-09-04T00:05:52,
git@github.com:spring-projects/spring-data-neo4j.git,/Users/praffulg/Downloads/Neelam paper/cache/repos/spring-projects__spring-data-neo4j,cloned,4.1,11479127,10.9MB,2026-09-04T00:05:56,
git@github.com:spring-projects/spring-data-redis.git,/Users/praffulg/Downloads/Neelam paper/cache/repos/spring-projects__spring-data-redis,cloned,5.9,10525933,10.0MB,2026-09-04T00:06:02,
git@github.com:spring-projects/spring-data-rest.git,/Users/praffulg/Downloads/Neelam paper/cache/repos/spring-projects__spring-data-rest,cloned,4.4,7899407,7.5MB,2026-09-04T00:06:07,
git@github.com:spring-projects/spring-data-solr.git,/Users/praffulg/Downloads/Neelam paper/cache/repos/spring-projects__spring-data-solr,cloned,2.5,2215514,2.1MB,2026-09-04T00:06:09,
git@github.com:spring-projects/spring-framework-issues.git,/Users/praffulg/Downloads/Neelam paper/cache/repos/spring-projects__spring-framework-issues,cloned,1.5,873466,853.0KB,2026-09-04T00:06:11,
git@github.com:spring-projects/spring-framework.git,/Users/praffulg/Downloads/Neelam paper/cache/repos/spring-projects__spring-framework,cloned,16.3,100026894,95.4MB,2026-09-04T00:06:27,
git@github.com:spring-projects/spring-hadoop.git,/Users/praffulg/Downloads/Neelam paper/cache/repos/spring-projects__spring-hadoop,cloned,1.8,2567854,2.4MB,2026-09-04T00:06:29,
git@github.com:spring-projects/spring-hateoas.git,/Users/praffulg/Downloads/Neelam paper/cache/repos/spring-projects__spring-hateoas,cloned,2.6,3895092,3.7MB,2026-09-04T00:06:31,
git@github.com:spring-projects/spring-ide.git,/Users/praffulg/Downloads/Neelam paper/cache/repos/spring-projects__spring-ide,cloned,5.9,15281598,14.6MB,2026-09-04T00:06:37,
git@github.com:spring-projects/spring-insight-plugins.git,/Users/praffulg/Downloads/Neelam paper/cache/repos/spring-projects__spring-insight-plugins,cloned,2.4,2446958,2.3MB,2026-09-04T00:06:40,
git@github.com:spring-projects/spring-integration-aws.git,/Users/praffulg/Downloads/Neelam paper/cache/repos/spring-projects__spring-integration-aws,cloned,2.5,741150,723.8KB,2026-09-04T00:06:42,
git@github.com:spring-projects/spring-integration-java-dsl.git,/Users/praffulg/Downloads/Neelam paper/cache/repos/spring-projects__spring-integration-java-dsl,cloned,1.5,498373,486.7KB,2026-09-04T00:06:44,
git@github.com:spring-projects/spring-integration-samples.git,/Users/praffulg/Downloads/Neelam paper/cache/repos/spring-projects__spring-integration-samples,cloned,3.2,3755598,3.6MB,2026-09-04T00:06:47,
git@github.com:spring-projects/spring-integration.git,/Users/praffulg/Downloads/Neelam paper/cache/repos/spring-projects__spring-integration,cloned,10.5,37081199,35.4MB,2026-09-04T00:06:57,
git@github.com:spring-projects/spring-ldap.git,/Users/praffulg/Downloads/Neelam paper/cache/repos/spring-projects__spring-ldap,cloned,2.2,3629507,3.5MB,2026-09-04T00:07:00,
git@github.com:spring-projects/spring-loaded.git,/Users/praffulg/Downloads/Neelam paper/cache/repos/spring-projects__spring-loaded,cloned,1.9,427900,417.9KB,2026-09-04T00:07:02,
git@github.com:spring-projects/spring-mvc-showcase.git,/Users/praffulg/Downloads/Neelam paper/cache/repos/spring-projects__spring-mvc-showcase,cloned,1.9,125062,122.1KB,2026-09-04T00:07:04,
git@github.com:spring-projects/spring-restdocs.git,/Users/praffulg/Downloads/Neelam paper/cache/repos/spring-projects__spring-restdocs,cloned,2.3,2267359,2.2MB,2026-09-04T00:07:06,
git@github.com:spring-projects/spring-retry.git,/Users/praffulg/Downloads/Neelam paper/cache/repos/spring-projects__spring-retry,cloned,1.4,637747,622.8KB,2026-09-04T00:07:07,
git@github.com:spring-projects/spring-roo.git,/Users/praffulg/Downloads/Neelam paper/cache/repos/spring-projects__spring-roo,cloned,3.5,13521941,12.9MB,2026-09-04T00:07:11,
git@github.com:spring-projects/spring-security-oauth.git,/Users/praffulg/Downloads/Neelam paper/cache/repos/spring-projects__spring-security-oauth,cloned,1.9,3941566,3.8MB,2026-09-04T00:07:13,
git@github.com:spring-projects/spring-security-oauth2-boot.git,/Users/praffulg/Downloads/Neelam paper/cache/repos/spring-projects__spring-security-oauth2-boot,cloned,1.5,745527,728.1KB,2026-09-04T00:07:14,
git@github.com:spring-projects/spring-security-reactive.git,/Users/praffulg/Downloads/Neelam paper/cache/repos/spring-projects__spring-security-reactive,cloned,1.9,182517,178.2KB,2026-09-04T00:07:16,
git@github.com:spring-projects/spring-security-saml.git,/Users/praffulg/Downloads/Neelam paper/cache/repos/spring-projects__spring-security-saml,cloned,1.6,2316107,2.2MB,2026-09-04T00:07:18,
git@github.com:spring-projects/spring-security.git,/Users/praffulg/Downloads/Neelam paper/cache/repos/spring-projects__spring-security,cloned,12.7,42247264,40.3MB,2026-09-04T00:07:30,
git@github.com:spring-projects/spring-session.git,/Users/praffulg/Downloads/Neelam paper/cache/repos/spring-projects__spring-session,cloned,2.1,4822846,4.6MB,2026-09-04T00:07:33,
git@github.com:spring-projects/spring-social-facebook.git,/Users/praffulg/Downloads/Neelam paper/cache/repos/spring-projects__spring-social-facebook,cloned,3.0,2001879,1.9MB,2026-09-04T00:07:36,
git@github.com:spring-projects/spring-social-github.git,/Users/praffulg/Downloads/Neelam paper/cache/repos/spring-projects__spring-social-github,cloned,2.7,898878,877.8KB,2026-09-04T00:07:38,
git@github.com:spring-projects/spring-social-linkedin.git,/Users/praffulg/Downloads/Neelam paper/cache/repos/spring-projects__spring-social-linkedin,cloned,2.9,3215882,3.1MB,2026-09-04T00:07:41,
git@github.com:spring-projects/spring-social.git,/Users/praffulg/Downloads/Neelam paper/cache/repos/spring-projects__spring-social,cloned,3.0,3037827,2.9MB,2026-09-04T00:07:44,
git@github.com:spring-projects/spring-statemachine.git,/Users/praffulg/Downloads/Neelam paper/cache/repos/spring-projects__spring-statemachine,cloned,2.6,2249600,2.1MB,2026-09-04T00:07:47,
git@github.com:spring-projects/spring-vault.git,/Users/praffulg/Downloads/Neelam paper/cache/repos/spring-projects__spring-vault,cloned,1.9,2987704,2.8MB,2026-09-04T00:07:49,
git@github.com:spring-projects/spring-ws.git,/Users/praffulg/Downloads/Neelam paper/cache/repos/spring-projects__spring-ws,cloned,2.8,6508028,6.2MB,2026-09-04T00:07:52,
git@github.com:spring-projects/spring-xd.git,/Users/praffulg/Downloads/Neelam paper/cache/repos/spring-projects__spring-xd,cloned,2.2,6588954,6.3MB,2026-09-04T00:07:54,
git@github.com:spring-projects/sts4.git,/Users/praffulg/Downloads/Neelam paper/cache/repos/spring-projects__sts4,cloned,3.3,14000623,13.4MB,2026-09-04T00:07:57,
git@github.com:uber/NullAway.git,/Users/praffulg/Downloads/Neelam paper/cache/repos/uber__NullAway,cloned,3.0,2762698,2.6MB,2026-09-04T00:08:00,
git@github.com:uber/rave.git,/Users/praffulg/Downloads/Neelam paper/cache/repos/uber__rave,cloned,1.8,160363,156.6KB,2026-09-04T00:08:02,
git@github.com:uber/tchannel-java.git,/Users/praffulg/Downloads/Neelam paper/cache/repos/uber__tchannel-java,cloned,2.3,848158,828.3KB,2026-09-04T00:08:04,
git@github.com:uber/uReplicator.git,/Users/praffulg/Downloads/Neelam paper/cache/repos/uber__uReplicator,cloned,3.7,445623,435.2KB,2026-09-04T00:08:08,
git@github.com:vmware/admiral.git,/Users/praffulg/Downloads/Neelam paper/cache/repos/vmware__admiral,cloned,70.8,8594787,8.2MB,2026-09-04T00:09:19,
git@github.com:vmware/hillview.git,/Users/praffulg/Downloads/Neelam paper/cache/repos/vmware__hillview,cloned,11.3,1982325,1.9MB,2026-09-04T00:09:30,
git@github.com:vmware/xenon.git,/Users/praffulg/Downloads/Neelam paper/cache/repos/vmware__xenon,cloned,2.3,4710652,4.5MB,2026-09-04T00:09:32,
git@github.com:yandex/clickhouse-jdbc.git,/Users/praffulg/Downloads/Neelam paper/cache/repos/yandex__clickhouse-jdbc,cloned,2.7,7389420,7.0MB,2026-09-04T00:09:35,
git@github.com:yandex/graphouse.git,/Users/praffulg/Downloads/Neelam paper/cache/repos/yandex__graphouse,cloned,1.5,603948,589.8KB,2026-09-04T00:09:37,
